[
    {
        "title": "إزاي ضاعفت دخلي بدون شغل إضافي! - عن الرزق ووسعه | بودكاست بهدوء مع كريم | جلسة 21",
        "type": "Podcast",
        "category": "Education",
        "dialogue": "false",
        "source_url": "https://www.youtube.com/watch?v=qtlL5jEERXQ"
    },
    {
        "title": "لماذا نيأس؟ عن فلسفة المثابرة | بودكاست بهدوء مع كريم | جلسة 20",
        "type": "Podcast",
        "category": "Education",
        "dialogue": "false",
        "source_url": "https://www.youtube.com/watch?v=XMZo5T4BDLA"
    },
    {
        "title": "أكبر كذبة في التاريخ | وهم الانتاجية! - | بودكاست بهدوء مع كريم | جلسة 19",
        "type": "Podcast",
        "category": "Education",
        "dialogue": "false",
        "source_url": "https://www.youtube.com/watch?v=KiIDDLc-HfE"
    },
    {
        "title": "تخلص من الكلام السلبي والتنمر! | بودكاست بهدوء مع كريم | جلسة 17",
        "type": "Podcast",
        "category": "Education",
        "dialogue": "false",
        "source_url": "https://www.youtube.com/watch?v=4dr5gvm9VAs"
    },
    {
        "title": "عن وجع الحب ونصائح للجامعة والتخلص من المشاعر السلبية وفقدان الشغف (Q&A) | بودكاست بهدوء مع كريم",
        "type": "Podcast",
        "category": "Education",
        "dialogue": "false",
        "source_url": "https://www.youtube.com/watch?v=T47Xon3MqrI"
    },
    {
        "title": "انا فقير | اصحابي كلهم أغنى مني! | بودكاست بهدوء مع كريم | جلسة 16",
        "type": "Podcast",
        "category": "Education",
        "dialogue": "false",
        "source_url": "https://www.youtube.com/watch?v=rROyp4IJZcA"
    },
    {
        "title": "كيف وجدت الله | الأوقات الصعبة (فضفضة مشاعر) | بودكاست بهدوء مع كريم | جلسة 15",
        "type": "Podcast",
        "category": "Education",
        "dialogue": "false",
        "source_url": "https://www.youtube.com/watch?v=mq30zR9EWF4"
    },
    {
        "title": "فيديو لن يعجبك!!! كلام صريح واعترافات خاصة عن الحياة المهنية | بودكاست بهدوء مع كريم | جلسة 14",
        "type": "Podcast",
        "category": "Education",
        "dialogue": "false",
        "source_url": "https://www.youtube.com/watch?v=ukpWC6SmDFs"
    },
    {
        "title": "اخطر محتوى في العالم! | بودكاست بهدوء مع كريم | جلسة 13",
        "type": "Podcast",
        "category": "Education",
        "dialogue": "false",
        "source_url": "https://www.youtube.com/watch?v=BJyKb3QX_GI"
    },
    {
        "title": "٧ دروس من تجربتي في الحج ٢٠٢٣ | بودكاست بهدوء مع كريم | جلسة 12",
        "type": "Podcast",
        "category": "Education",
        "dialogue": "false",
        "source_url": "https://www.youtube.com/watch?v=3cr8M8GmUu8"
    },
    {
        "title": "لا تدمر صحتك النفسية!  الجزء الثاني من ٩ نصائح | بودكاست بهدوء مع كريم | جلسة 11",
        "type": "Podcast",
        "category": "Education",
        "dialogue": "false",
        "source_url": "https://www.youtube.com/watch?v=QrsU8mj9wRM"
    },
    {
        "title": "٩ نصائح للصحة النفسية غيرت حياتي - الجزء الأول | بودكاست بهدوء مع كريم | جلسة 10",
        "type": "Podcast",
        "category": "Education",
        "dialogue": "false",
        "source_url": "https://www.youtube.com/watch?v=XcAArRyPhZQ"
    },
    {
        "title": "٩ نصائح تمنيت لو تعلمتها قبل ال٣٠ | بودكاست بهدوء مع كريم | جلسة 9",
        "type": "Podcast",
        "category": "Education",
        "dialogue": "false",
        "source_url": "https://www.youtube.com/watch?v=-HFbmI8b7EU"
    },
    {
        "title": "مين هينقذك لو غرفت؟ | بودكاست بهدوء مع كريم | جلسة 8",
        "type": "Podcast",
        "category": "Education",
        "dialogue": "false",
        "source_url": "https://www.youtube.com/watch?v=4Fqwcz6kmyg"
    },
    {
        "title": "محاضرة الأثر النفسي للعبادة على الصحة النفسية | بودكاست بهدوء مع كريم | جلسة 7",
        "type": "Podcast",
        "category": "Education",
        "dialogue": "false",
        "source_url": "https://www.youtube.com/watch?v=knOS8Q0M4os"
    },
    {
        "title": "لا تحزن! | بودكاست بهدوء مع كريم | جلسة 6",
        "type": "Podcast",
        "category": "Education",
        "dialogue": "false",
        "source_url": "https://www.youtube.com/watch?v=ub7IC3uiNk8"
    },
    {
        "title": "زدت ٢٠ كيلو بسبب الحسد | بودكاست بهدوء مع كريم | جلسة 5",
        "type": "Podcast",
        "category": "Education",
        "dialogue": "false",
        "source_url": "https://www.youtube.com/watch?v=99KQk4AQXlM"
    },
    {
        "title": "العيد والنكد - ليه مش بنبسط في العيد؟ | بودكاست بهدوء مع كريم | جلسة 4",
        "type": "Podcast",
        "category": "Education",
        "dialogue": "false",
        "source_url": "https://www.youtube.com/watch?v=-eOAKsRf3Q0"
    },
    {
        "title": "لماذا يفشل الشطار؟ | بودكاست بهدوء مع كريم | جلسة 2",
        "type": "Podcast",
        "category": "Education",
        "dialogue": "false",
        "source_url": "https://www.youtube.com/watch?v=L1wmA0ELkO4"
    },
    {
        "title": "لا اشعر بالسعادة برمضان! | بودكاست بهدوء مع كريم | جلسة 1",
        "type": "Podcast",
        "category": "Education",
        "dialogue": "false",
        "source_url": "https://www.youtube.com/watch?v=cPN90SLKXH0"
    },
    {
        "title": "تخيل الحياة بدون صديق! | بودكاست بهدوء مع كريم | جلسة 22",
        "type": "Podcast",
        "category": "Education",
        "dialogue": "false",
        "source_url": "https://www.youtube.com/watch?v=UMr9KYdWyI0"
    },
    {
        "title": "حب النبي هيغير فيك إيه؟ | بودكاست بهدوء مع كريم | جلسة 24",
        "type": "Podcast",
        "category": "Education",
        "dialogue": "false",
        "source_url": "https://www.youtube.com/watch?v=UOiwynChsgw"
    },
    {
        "title": "تخلص من القلق | بودكاست بهدوء مع كريم | جلسة 26",
        "type": "Podcast",
        "category": "Education",
        "dialogue": "false",
        "source_url": "https://www.youtube.com/watch?v=xJccNV1VFHM"
    },
    {
        "title": "١٠ دروس هيغيروا ٢٠٢٤! | بودكاست بهدوء مع كريم | جلسة 23",
        "type": "Podcast",
        "category": "Education",
        "dialogue": "false",
        "source_url": "https://www.youtube.com/watch?v=lnb1GQJaEDE"
    },
    {
        "title": "عقلية المال والسعادة | بودكاست بهدوء مع كريم | جلسة 27",
        "type": "Podcast",
        "category": "Education",
        "dialogue": "false",
        "source_url": "https://www.youtube.com/watch?v=SkZp267WUY8"
    },
    {
        "title": "تخلص من التعاسة | بودكاست بهدوء مع كريم | جلسة 28",
        "type": "Podcast",
        "category": "Education",
        "dialogue": "false",
        "source_url": "https://www.youtube.com/watch?v=vhk4RvU5Zc0"
    }
]