{
    "type": "Youtube",
    "source_url": "https://youtube.com/watch?v=VlbRQnPNWIQ",
    "title": "المُخبر الاقتصادي+ | لماذا انهارت البورصات العالمية فجأة وبسرعة؟ كيف هز الين الياباني العالم؟",
    "categories": [
        "Entertainment"
    ],
    "publish_date": "2024-08-10T00:00:00Z",
    "length": "00:23:36",
    "author": "AJ+ كبريت",
    "keywords": [
        "أبل",
        "ألفابت",
        "أمازون",
        "إنفيديا",
        "اشرف ابراهيم",
        "الاقتصاد الياباني",
        "الدولار الأمريكي",
        "الفيدرالي الأمريكي",
        "المخبر الاقتصادي",
        "الولايات المتحدة الأمريكية",
        "اليابان",
        "الين الياباني",
        "انهيار البورصة",
        "بنك اليابان المركزي",
        "بورصة اليابان",
        "بورصة نيويورك",
        "تسلا",
        "جيروم باول",
        "سوق الأسهم",
        "مايكروسوفت",
        "معهد أبحاث نومورا الياباني",
        "مكتب إحصاءات العمل في أمريكا",
        "ميتا"
    ]
}