{
    "type": "Youtube",
    "source_url": "https://youtube.com/watch?v=JNIxZTFqn5E",
    "title": "المُخبر الاقتصادي+ | ما معنى الركود الاقتصادي؟ وكيف يؤثر على أموال الناس ووظائفهم؟",
    "categories": [
        "Entertainment"
    ],
    "publish_date": "2023-01-10T00:00:00Z",
    "length": "00:15:20",
    "author": "AJ+ كبريت",
    "keywords": [
        "الدحيح",
        "AJ+ عربي",
        "Eldahih",
        "السليط",
        "معنى و زيادة",
        "السليط الاخباري",
        "نيكولاس خوري",
        "احمد الغندور",
        "AJ+ الدحيح",
        "AJ+ كبريت",
        "UC-4Kn",
        "السليط الاخباري الموسم الرابع",
        "نيكولاس خوري السليط الاخباري",
        "برامج AJ+",
        "برنامج الدحيح الجديد",
        "الدحيح رمضان",
        "elda7ee7",
        "elda7ee7 aj+",
        "AJ+",
        "مع تميم",
        "تميم البرغوثي",
        "AJ+ مع تميم",
        "الوكود",
        "الركود الاقتصادي",
        "ارتفاع الاسعار",
        "غلاء",
        "اسعار",
        "بضائع",
        "أسمدة",
        "بنوك مركزية",
        "الفدرالي الأمريكي",
        "جيروم باول",
        "رفع فائدة",
        "احتياطي",
        "المخبر الاقتصادي",
        "اشرف ابراهيم"
    ]
}