{
    "type": "Youtube",
    "source_url": "https://youtube.com/watch?v=uA8b0iI_pe0",
    "title": "المُخبر الاقتصادي+ | من سيخسر لو قامت الحرب بين إيران وإسرائيل؟ كيف سيكون شكل الحرب؟",
    "categories": [
        "Entertainment"
    ],
    "publish_date": "2024-04-20T00:00:00Z",
    "length": "00:33:39",
    "author": "AJ+ كبريت",
    "keywords": [
        "أشرف ابراهيم",
        "إسرائيل",
        "إيران",
        "البترول",
        "الثورة الإيرانية",
        "الجزائر",
        "الحرس الثوري",
        "الخليج العربي",
        "الخميني",
        "الدول العربية",
        "السعودية",
        "الشرق الأوسط",
        "العراق",
        "المخبر الاقتصادي",
        "النفط",
        "حسن رئيسي",
        "شمال افريقيا",
        "صدام حسين",
        "صواريخ",
        "طهران",
        "طوفان الأقصى",
        "مضيق هرمز",
        "نتنياهو",
        "ياسر عرفات"
    ]
}