{
    "type": "Youtube",
    "source_url": "https://youtube.com/watch?v=K7Pxow4aixk",
    "title": "المُخبر الاقتصادي+ | هل يقترب اقتصاد روسيا من الانهيار بسبب العقوبات الغربية؟",
    "categories": [
        "Entertainment"
    ],
    "publish_date": "2022-12-20T00:00:00Z",
    "length": "00:16:29",
    "author": "AJ+ كبريت",
    "keywords": [
        "إلفيرا نابولينا",
        "البنك المركزي الروسي",
        "الحرب الروسية الاوكرانية",
        "الدولار",
        "المخبر الاقتصادي",
        "روسيا",
        "روسيا وأمريكا",
        "عقوبات روسيا",
        "عقوبات مالية",
        "فلاديمير بوتين",
        "الدحيح",
        "AJ+ عربي",
        "Eldahih السليط",
        "معنى و زيادة",
        "السليط الاخباري",
        "نيكولاس خوري",
        "احمد الغندور",
        "AJ+ الدحيح",
        "AJ+ كبريت",
        "UC-4Kn",
        "السليط الاخباري الموسم الرابع",
        "نيكولاس خوري السليط الاخباري",
        "الدحيح رمضان",
        "elda7ee7 aj+",
        "AJ+",
        "مع تميم",
        "تميم البرغوثي",
        "AJ+ مع تميم",
        "أشرف إبراهيم",
        "اقتصاد",
        "الجهبذ",
        "بشير نجار",
        "ليلى عبدو",
        "الوتر الحساس"
    ]
}