{
    "type": "Youtube",
    "source_url": "https://youtube.com/watch?v=Hr9NXYv6L6Y",
    "title": "المُخبر الاقتصادي+| ماذا خسرت فنلندا بانهيار العملاقة نوكيا؟ وكيف صنعت الشركة دولة؟",
    "categories": [
        "Entertainment"
    ],
    "publish_date": "2022-05-14T00:00:00Z",
    "length": "00:13:02",
    "author": "AJ+ كبريت",
    "keywords": [
        "اقتصاد",
        "الدحيح",
        "AJ+ عربي",
        "Eldahih السليط",
        "معنى و زيادة",
        "السليط الاخباري",
        "نيكولاس خوري",
        "احمد الغندور",
        "AJ+ الدحيح",
        "AJ+ كبريت",
        "UC-4Kn",
        "السليط الاخباري الموسم الرابع",
        "نيكولاس خوري السليط الاخباري",
        "برامج AJ+",
        "برنامج الدحيح الجديد",
        "الدحيح رمضان",
        "elda7ee7",
        "elda7ee7 aj+",
        "AJ+",
        "مع تميم",
        "تميم البرغوثي",
        "AJ+ مع تميم",
        "المخبر الاقتصادي",
        "أشرف إبراهيم",
        "الجهبذ",
        "بشير نجار",
        "نوكيا"
    ]
}