{
    "type": "Youtube",
    "source_url": "https://youtube.com/watch?v=xyevPf8zU3w",
    "title": "المُخبر الاقتصادي+ | هل تستمر الأسعار بالارتفاع خلال 2023؟ ومتى تنخفض بالضبط؟",
    "categories": [
        "Entertainment"
    ],
    "publish_date": "2023-01-07T00:00:00Z",
    "length": "00:22:44",
    "author": "AJ+ كبريت",
    "keywords": [
        "أوكرانيا",
        "ارتفاع اسعار البضائع",
        "ارتفاع الاسعار",
        "اشرف ابراهيم",
        "الاسعار في ٢٠٢٣",
        "البنك الدولي",
        "الدولار",
        "الغاز",
        "المخبر الاقتصادي",
        "النفط",
        "الهند",
        "روسيا",
        "سريلانكا",
        "غلاء الاسعار",
        "لبنان",
        "٢٠٢٣",
        "الدحيح",
        "AJ+ عربي",
        "Eldahih السليط",
        "السليط الاخباري",
        "نيكولاس خوري",
        "احمد الغندور",
        "AJ+ الدحيح",
        "AJ+ كبريت",
        "UC-4Kn",
        "نيكولاس خوري السليط الاخباري",
        "برامج AJ+",
        "برنامج الدحيح الجديد",
        "elda7ee7",
        "elda7ee7 aj+",
        "AJ+",
        "مع تميم",
        "تميم البرغوثي",
        "AJ+ مع تميم",
        "أشرف إبراهيم",
        "اقتصاد",
        "الجهبذ",
        "بشير نجار",
        "ليلى عبدو",
        "الوتر الحساس"
    ]
}