{
    "type": "Youtube",
    "source_url": "https://youtube.com/watch?v=h_NxhHdm9bQ",
    "title": "المُخبر الاقتصادي+ | هل كان من الممكن تأسيس إسرائيل على أرض الصين؟ لماذا فشلت الخطة الصينية؟",
    "categories": [
        "Entertainment"
    ],
    "publish_date": "2024-07-30T00:00:00Z",
    "length": "00:21:05",
    "author": "AJ+ كبريت",
    "keywords": [
        "أدولف هتلر",
        "أشرف إبراهيم",
        "ألبرت أينشتاين",
        "إسرائيل",
        "اجتماعات بكين",
        "الصين",
        "المخبر الاقتصادي",
        "المنظمة الإقليمية اليهودية",
        "المهاجرين اليهود",
        "النازية",
        "اليهود المهاجرين لشنغهاي",
        "تعزيز الوحدة الفلسطينية",
        "توطين اليهود",
        "حماس",
        "فتح",
        "فلسطين",
        "مقاطعة يونان الصينية",
        "موريس ويليام",
        "يهود ألمانيا",
        "يهود أوروبا",
        "الدحيح",
        "السليط الاخباري",
        "نيكولاس خوري",
        "احمد الغندور",
        "AJ+ كبريت",
        "UC-4Kn",
        "برامج AJ+",
        "elda7ee7",
        "AJ+",
        "مع تميم",
        "تميم البرغوثي",
        "AJ+ مع تميم",
        "اقتصاد",
        "الجهبذ",
        "بشير نجار",
        "ليلى عبدو",
        "الوتر الحساس"
    ]
}