{
    "type": "Youtube",
    "source_url": "https://youtube.com/watch?v=S1ozQGNyq1k",
    "title": "المُخبر الاقتصادي+ | لماذا تخزن الصين كميات كبيرة من الغذاء؟ هل تستغل أمريكا نقطة ضعف الصين؟",
    "categories": [
        "Entertainment"
    ],
    "publish_date": "2024-08-13T00:00:00Z",
    "length": "00:20:36",
    "author": "AJ+ كبريت",
    "keywords": [
        "أوكرانيا",
        "اشرف ابراهيم",
        "الإدارة الوطنية للغذاء والاحتياطيات الاستراتيجية في الصين",
        "الحرب",
        "الصين",
        "المخبر الاقتصادي",
        "تخزين الغذاء",
        "روسيا",
        "غزو تايوان",
        "كوفكو",
        "مصر",
        "وزارة البيئة الصينية",
        "الدحيح",
        "AJ+ عربي",
        "Eldahih السليط",
        "معنى و زيادة",
        "السليط الاخباري",
        "نيكولاس خوري",
        "احمد الغندور",
        "AJ+ الدحيح",
        "AJ+ كبريت",
        "UC-4Kn",
        "السليط الاخباري الموسم الرابع",
        "نيكولاس خوري السليط الاخباري",
        "برامج AJ+",
        "AJ+",
        "مع تميم",
        "تميم البرغوثي",
        "AJ+ مع تميم",
        "أشرف إبراهيم",
        "اقتصاد",
        "الجهبذ",
        "بشير نجار",
        "ليلى عبدو",
        "الوتر الحساس"
    ]
}