{
    "type": "Youtube",
    "source_url": "https://youtube.com/watch?v=M-fzEWCmCp4",
    "title": "المُخبر الاقتصادي+ | لماذا يتصارع أحفاد ملوك البنوك أو أقوى عائلة مصرفية في العالم؟",
    "categories": [
        "Entertainment"
    ],
    "publish_date": "2024-02-24T00:00:00Z",
    "length": "00:14:46",
    "author": "AJ+ كبريت",
    "keywords": [
        "أريان دي روتشيلد",
        "أشرف ابراهيم",
        "ادموند دي روتشيلد",
        "اسرائيل",
        "الأميرة ديانا",
        "الاحتلال الصهيوني",
        "البنوك السويسرية",
        "الجامعة العربية",
        "الحرب العالمية التانية",
        "الشرق الأوسط",
        "العصابات الصهيونية",
        "الملكة اليزابث",
        "المُخبر الاقتصادي",
        "ايمانويل ماكرون",
        "عائلة روتشيلد",
        "فرانسوا ميتران",
        "فلسطين",
        "مركز دبي المالي العالمي",
        "AJ+ عربي",
        "AJ+ الدحيح",
        "AJ+ كبريت",
        "UC-4Kn",
        "السليط الاخباري الموسم الرابع",
        "نيكولاس خوري السليط الاخباري",
        "برامج AJ+",
        "الدحيح رمضان",
        "elda7ee7",
        "elda7ee7 aj+",
        "AJ+",
        "أشرف إبراهيم",
        "اقتصاد"
    ]
}