{
    "type": "Youtube",
    "source_url": "https://youtube.com/watch?v=sDCSnRSOjRA",
    "title": "المُخبر الاقتصادي+ | كيف تسيطر الصين على قطاع الأدوية العالمي من خلال المواد الفعالة؟",
    "categories": [
        "Entertainment"
    ],
    "publish_date": "2022-05-07T00:00:00Z",
    "length": "00:16:00",
    "author": "AJ+ كبريت",
    "keywords": [
        "CHINESEMEDICINE",
        "Drugs",
        "الصين",
        "أدوية",
        "شركة",
        "سوق",
        "مرضى",
        "صحة",
        "مستشفى",
        "الدحيح",
        "AJ+ عربي",
        "Eldahih السليط",
        "معنى و زيادة",
        "السليط الاخباري",
        "نيكولاس خوري",
        "احمد الغندور",
        "AJ+ الدحيح",
        "AJ+ كبريت",
        "UC-4Kn",
        "السليط الاخباري الموسم الرابع",
        "نيكولاس خوري السليط الاخباري",
        "برامج AJ+",
        "برنامج الدحيح الجديد",
        "الدحيح رمضان",
        "elda7ee7",
        "elda7ee7 aj+",
        "AJ+",
        "مع تميم",
        "تميم البرغوثي",
        "AJ+ مع تميم",
        "المخبر الاقتصادي",
        "أشرف إبراهيم",
        "اقتصاد",
        "الجهبذ",
        "بشير نجار"
    ]
}