{
    "type": "Youtube",
    "source_url": "https://youtube.com/watch?v=CXQO84Od9w0",
    "title": "المُخبر الاقتصادي+ | كيف حاولت مجموعة سرية من الأغنياء الضغط على نعمت لصالح إسرائيل وتحريض الشرطة؟",
    "categories": [
        "Entertainment"
    ],
    "publish_date": "2024-05-21T00:00:00Z",
    "length": "00:24:25",
    "author": "AJ+ كبريت",
    "keywords": [
        "إريك أدامز",
        "إسرائيل",
        "اشرف ابراهيم",
        "الجيش الإسرائيلي",
        "المخبر الاقتصادي",
        "بيل كلينتون",
        "بيني غانتس",
        "جامعة كولومبيا",
        "دونالد ترامب",
        "طوفان الأقصى",
        "عمدة نيويورك",
        "غزة",
        "فلسطين",
        "كلودين جاي",
        "مجموعة الواتساب السرية",
        "نتنياهو",
        "نعمت شفيق",
        "نفتالي بينيت",
        "هارفارد",
        "هيلاري كلينتون",
        "واتساب",
        "الدحيح",
        "AJ+ عربي",
        "السليط الاخباري",
        "نيكولاس خوري",
        "احمد الغندور",
        "AJ+ كبريت",
        "UC-4Kn",
        "برامج AJ+",
        "elda7ee7",
        "AJ+",
        "مع تميم",
        "تميم البرغوثي",
        "AJ+ مع تميم",
        "أشرف إبراهيم",
        "اقتصاد",
        "الجهبذ",
        "بشير نجار",
        "ليلى عبدو",
        "الوتر الحساس"
    ]
}