{
    "type": "Youtube",
    "source_url": "https://youtube.com/watch?v=Dsa5cXC2_6w",
    "title": "المُخبر الاقتصادي+ | لماذا يجب أن نحذر من شركات حليب الأطفال الصناعي؟ ماذا يخفون عن الأم والأب؟",
    "categories": [
        "Entertainment"
    ],
    "publish_date": "2024-04-27T00:00:00Z",
    "length": "00:27:11",
    "author": "AJ+ كبريت",
    "keywords": [
        "أشرف ابراهيم",
        "الحليب الصناعي",
        "الدولار",
        "الرضاعة الطبيعية",
        "المخبر الاقتصادي",
        "المستشفيات",
        "المقاطعة",
        "المنظومة الصحية",
        "الولايات المتحدة الأمريكية",
        "اليونيسيف",
        "بودرة الحليب",
        "سويسرا",
        "منظمة الصحة العالمية",
        "نستله"
    ]
}