{
    "type": "Youtube",
    "source_url": "https://youtube.com/watch?v=LEKUH-E5k3U",
    "title": "المُخبر الاقتصادي+ | لماذا تخاف أمريكا من هاتف هواوي الصينية الجديد؟ وكيف صنعته الصين؟",
    "categories": [
        "Entertainment"
    ],
    "publish_date": "2023-09-12T00:00:00Z",
    "length": "00:18:17",
    "author": "AJ+ كبريت",
    "keywords": [
        "آبل",
        "آلات الطباعة الحجرية",
        "أشرف ابراهيم",
        "أمريكا",
        "الأشعة فوق البنفسجية العميقة",
        "الأشعة فوق البنفسجية القصوى والمعروفة",
        "الصين",
        "المخبر الاقتصادي+",
        "تي إس إم سي",
        "جو بايدن",
        "سامسونغ",
        "صناعة الرقائق الإلكترونية",
        "هواوي",
        "هواوي ميت 60 برو",
        "الدحيح",
        "AJ+ عربي",
        "Eldahih السليط",
        "معنى و زيادة",
        "السليط الاخباري",
        "نيكولاس خوري",
        "احمد الغندور",
        "AJ+ الدحيح",
        "AJ+ كبريت",
        "UC-4Kn",
        "السليط الاخباري الموسم الرابع",
        "نيكولاس خوري السليط الاخباري",
        "برامج AJ+",
        "برنامج الدحيح الجديد",
        "الدحيح رمضان",
        "elda7ee7",
        "elda7ee7 aj+"
    ]
}