{
    "type": "Youtube",
    "source_url": "https://youtube.com/watch?v=NFvgDqaVCcs",
    "title": "المُخبر الاقتصادي+|لماذا يتحدى إيلون ماسك واحدة من أقوى المنظمات اليهودية في أمريكا؟وهل يخسر تويتر؟",
    "categories": [
        "Entertainment"
    ],
    "publish_date": "2023-11-21T00:00:00Z",
    "length": "00:21:45",
    "author": "AJ+ كبريت",
    "keywords": [
        "إسرائيل",
        "إكس",
        "إنهاء الاستعمار",
        "إيلون ماسك",
        "اشرف ابراهيم",
        "المخبر الاقتصادي",
        "تويتر",
        "جيش الدفاع الاسرائيلي",
        "رابطة مكافحة التشهير",
        "غزة",
        "فلسطين",
        "فيسبوك",
        "مقاومة",
        "من النهر للبحر",
        "نتنياهو",
        "الدحيح",
        "AJ+ عربي",
        "Eldahih السليط",
        "معنى و زيادة",
        "السليط الاخباري",
        "نيكولاس خوري",
        "احمد الغندور",
        "AJ+ الدحيح",
        "AJ+ كبريت",
        "UC-4Kn",
        "السليط الاخباري الموسم الرابع",
        "نيكولاس خوري السليط الاخباري",
        "برامج AJ+",
        "برنامج الدحيح الجديد",
        "الدحيح رمضان",
        "elda7ee7",
        "elda7ee7 aj+",
        "AJ+",
        "مع تميم",
        "تميم البرغوثي",
        "أشرف إبراهيم"
    ]
}