{
    "type": "Youtube",
    "source_url": "https://youtube.com/watch?v=iOgntizCd54",
    "title": "المخبر الاقتصادي + | لماذا قد ينهار اقتصاد أمريكا لو استغنت عن الصين؟ من يملك خيوط اللعبة؟",
    "categories": [
        "Entertainment"
    ],
    "publish_date": "2023-06-03T00:00:00Z",
    "length": "00:14:17",
    "author": "AJ+ كبريت",
    "keywords": [
        "AJ+",
        "AJ+ الدحيح",
        "AJ+ عربي",
        "AJ+ كبريت",
        "AJ+ مع تميم",
        "Eldahih السليط",
        "UC-4Kn",
        "elda7ee7",
        "elda7ee7 aj+",
        "أشرف إبراهيم",
        "أمريكا",
        "احمد الغندور",
        "اقتصاد",
        "اقتصاد الصين",
        "الاقتصاد الأمريكي",
        "الجهبذ",
        "الدحيح",
        "الدحيح رمضان",
        "السليط الاخباري",
        "السليط الاخباري الموسم الرابع",
        "الصين",
        "المخبر الاقتصادي",
        "الوتر الحساس",
        "برامج AJ+",
        "برنامج الدحيح الجديد",
        "بشير نجار",
        "تميم البرغوثي",
        "ليلى عبدو",
        "مع تميم",
        "معنى و زيادة",
        "نيكولاس خوري",
        "نيكولاس خوري السليط الاخباري"
    ]
}