{
    "type": "Youtube",
    "source_url": "https://youtube.com/watch?v=_8xk5xFhtHA",
    "title": "المُخبر الاقتصادي+ | لماذا يجلس عشرات الملايين من الشباب الصيني في بيوتهم بدون عمل؟",
    "categories": [
        "Entertainment"
    ],
    "publish_date": "2023-06-17T00:00:00Z",
    "length": "00:13:41",
    "author": "AJ+ كبريت",
    "keywords": [
        "اشرف ابراهيم",
        "التعليم الابتدائي في الصين",
        "التعليم في الصين",
        "الرئيس الصيني",
        "الصين بطاله",
        "المخبر الاقتصادي",
        "نسبة البطالة في الصين",
        "نظام التعليم في الصين"
    ]
}