{
    "type": "Youtube",
    "source_url": "https://youtube.com/watch?v=HNdSHlok-2s",
    "title": "المُخبر الاقتصادي+ | كيف عادت هواوي الصينية لتنتقم من أمريكا وتتحداها؟ لماذا لا تموت هواوي؟",
    "categories": [
        "Entertainment"
    ],
    "publish_date": "2024-06-01T00:00:00Z",
    "length": "00:15:09",
    "author": "AJ+ كبريت",
    "keywords": [
        "آيفون",
        "أبل",
        "أمريكا",
        "اشرف ابراهيم",
        "الشرائح الإلكترونية",
        "الصين",
        "المخبر الاقتصادي",
        "تايوان",
        "تي أس أم سي",
        "جو بايدن",
        "جينا ريموندو",
        "سامسونج",
        "سامسونغ",
        "شي جين بينغ",
        "معالج 7 نانومتر",
        "معالج هواوي",
        "هواوي",
        "هواوي بيورا ٧٠",
        "هواوي ميت 60 برو",
        "هواوي ميت إكس 30",
        "هواوي ميت برو"
    ]
}