{
    "type": "Youtube",
    "source_url": "https://youtube.com/watch?v=sQCj9k0hN5g",
    "title": "المُخبر الاقتصادي+ | كيف أصبح المغرب حارس بوابة الأمن الغذائي العالمي بعد غزو روسيا لأوكرانيا؟",
    "categories": [
        "Entertainment"
    ],
    "publish_date": "2023-03-07T00:00:00Z",
    "length": "00:14:30",
    "author": "AJ+ كبريت",
    "keywords": [
        "AJ+",
        "AJ+ الدحيح",
        "AJ+ كبريت",
        "AJ+ مع تميم",
        "Eldahih السليط",
        "UC-4Kn",
        "aJ+ عربي",
        "elda7ee7",
        "elda7ee7 aj+",
        "أشرف إبراهيم",
        "احمد الغندور",
        "اقتصاد",
        "الجهبذ",
        "الدحيح",
        "الدحيح رمضان",
        "السليط الاخباري",
        "السليط الاخباري الموسم الرابع",
        "المخبر الاقتصادي",
        "برامج AJ+",
        "برنامج الدحيح الجديد",
        "بشير نجارx",
        "تميم البرغوثي",
        "مع تميم",
        "معنى و زيادة",
        "نيكولاس خوري",
        "نيكولاس خوري السليط الاخباري"
    ]
}