{
    "type": "Youtube",
    "source_url": "https://youtube.com/watch?v=KzT8RMUGnnA",
    "title": "المُخبر الاقتصادي+ | كيف ينهب أسطول الصين المتوحش الأسماك من 40 دولة؟ هل يجوع العالم لتأكل الصين؟",
    "categories": [
        "Entertainment"
    ],
    "publish_date": "2023-04-25T00:00:00Z",
    "length": "00:17:29",
    "author": "AJ+ كبريت",
    "keywords": [
        "اقتصاد",
        "الصين",
        "الصين الشعبية",
        "قوة اقتصادية",
        "سرقة",
        "سمك",
        "كيم جون أون",
        "كوريا الشمالية",
        "آسيا",
        "حرب"
    ]
}