{
    "type": "Youtube",
    "source_url": "https://youtube.com/watch?v=I6iW7zjiRyI",
    "title": "المُخبر الاقتصادي+ | لماذا تلجأ أكبر شركات الطاقة في أمريكا إلى الجزائر؟هل حانت لحظة الغاز الجزائري؟",
    "categories": [
        "Entertainment"
    ],
    "publish_date": "2023-06-24T00:00:00Z",
    "length": "00:16:15",
    "author": "AJ+ كبريت",
    "keywords": [
        "أكبر منتج للنفط في العالم",
        "أنبوب غاز الجزائر وإيطاليا",
        "إكسون البرازيل",
        "إكسون موبيل",
        "اشرف ابراهيم",
        "الجزائر",
        "الجزائر وروسيا",
        "المخبر الاقتصادي",
        "النفط الصخري",
        "روسيا وأوكرانيا",
        "شفيرون البرازيل",
        "عبد المجيد تبون",
        "غاز الجزائر",
        "الدحيح",
        "AJ+ عربي",
        "Eldahih السليط",
        "معنى و زيادة",
        "السليط الاخباري",
        "نيكولاس خوري",
        "احمد الغندور",
        "AJ+ الدحيح",
        "AJ+ كبريت",
        "UC-4Kn",
        "برامج AJ+",
        "برنامج الدحيح الجديد",
        "الدحيح رمضان",
        "elda7ee7",
        "elda7ee7 aj+",
        "AJ+",
        "مع تميم",
        "تميم البرغوثي",
        "AJ+ مع تميم",
        "أشرف إبراهيم",
        "اقتصاد"
    ]
}