{
    "type": "Youtube",
    "source_url": "https://youtube.com/watch?v=R1QtFcuIH58",
    "title": "المُخبر الاقتصادي+ | هل تورط أمريكا أوروبا في حرب اقتصادية مع روسيا؟ وكيف يستفز الأمريكيون بوتين؟",
    "categories": [
        "Entertainment"
    ],
    "publish_date": "2022-09-06T00:00:00Z",
    "length": "00:14:27",
    "author": "AJ+ كبريت",
    "keywords": [
        "أمريكا",
        "الحظر النفطي",
        "الدول السبع",
        "المخبر الاقتصادي",
        "روسيا",
        "غاز",
        "غاز روسيا",
        "نفط روسيا",
        "ألمانيا",
        "بريطانيا",
        "الطاقة",
        "كهرباء",
        "شتاء",
        "أسعار",
        "ارتفاع",
        "عقوبات",
        "الإتحاد الأوروبي",
        "أوكرانيا",
        "حرب",
        "إقتصاد",
        "AJ+ عربي",
        "Eldahih السليط",
        "معنى و زيادة",
        "السليط الاخباري",
        "نيكولاس خوري",
        "احمد الغندور",
        "AJ+ الدحيح",
        "AJ+ كبريت",
        "UC-4Kn",
        "السليط الاخباري الموسم الرابع",
        "نيكولاس خوري السليط الاخباري",
        "برامج AJ+",
        "elda7ee7",
        "elda7ee7 aj+",
        "AJ+",
        "مع تميم",
        "تميم البرغوثي",
        "AJ+ مع تميم",
        "أشرف إبراهيم",
        "اقتصاد",
        "الجهبذ",
        "بشير نجار"
    ]
}