{
    "type": "Youtube",
    "source_url": "https://youtube.com/watch?v=MwU5SemlXNk",
    "title": "المُخبر الاقتصادي+ | لماذا تخاف أوروبا من الاستيلاء على أموال روسيا؟ كيف يخطط بوتين للانتقام؟",
    "categories": [
        "Entertainment"
    ],
    "publish_date": "2024-06-08T00:00:00Z",
    "length": "00:16:19",
    "author": "AJ+ كبريت",
    "keywords": [
        "أشرف ابراهيم",
        "الأصول الروسية",
        "الاتحاد الأوروبي",
        "الحرب الروسية الأوكرانية",
        "الدولار",
        "الروبل",
        "العراق",
        "الغاز",
        "الغزو الأمريكي",
        "الكريملين",
        "الكويت",
        "المخبر الاقتصادي",
        "النفط",
        "الولايات المتحدة الأمريكية",
        "اليورو",
        "جانيت يلين",
        "جو بايدن",
        "ديميتري ميدفيديف",
        "روسيا",
        "زيلينسكي",
        "فلاديمير بوتين",
        "مجموعة الدول السبع الكبرى"
    ]
}