{
    "type": "Youtube",
    "source_url": "https://youtube.com/watch?v=W-sp_KccIXY",
    "title": "المُخبر الاقتصادي+ | لماذا لن يصبح 99% منا أثرياء أبداً؟ ولماذا نشعر بالفقر طوال الوقت؟",
    "categories": [
        "Entertainment"
    ],
    "publish_date": "2022-08-09T00:00:00Z",
    "length": "00:17:10",
    "author": "AJ+ كبريت",
    "keywords": [
        "الفشخرة",
        "اقتصاد",
        "أموال",
        "أغنياء",
        "ثراء",
        "كيف أصبح غنياً",
        "فلوس",
        "خليج",
        "عرب",
        "تباهي"
    ]
}