{
    "type": "Youtube",
    "source_url": "https://youtube.com/watch?v=U889YoCJQBU",
    "title": "المُخبر الاقتصادي+| كيف تخسر المال وتتورط في الديون بسبب البخل؟",
    "categories": [
        "Entertainment"
    ],
    "publish_date": "2022-05-31T00:00:00Z",
    "length": "00:18:23",
    "author": "AJ+ كبريت",
    "keywords": [
        "بخل",
        "فلوس",
        "كافيه",
        "الدحيح",
        "AJ+ عربي",
        "Eldahih السليط",
        "معنى و زيادة",
        "السليط الاخباري",
        "نيكولاس خوري",
        "احمد الغندور",
        "AJ+ الدحيح",
        "AJ+ كبريت",
        "UC-4Kn",
        "السليط الاخباري الموسم الرابع",
        "نيكولاس خوري السليط الاخباري",
        "برامج AJ+",
        "برنامج الدحيح الجديد",
        "الدحيح رمضان",
        "elda7ee7",
        "elda7ee7 aj+",
        "AJ+",
        "مع تميم",
        "تميم البرغوثي",
        "AJ+ مع تميم",
        "المخبر الاقتصادي",
        "أشرف إبراهيم",
        "اقتصاد",
        "الجهبذ",
        "بشير نجار",
        "أبل",
        "موبايل",
        "ملابس"
    ]
}