{
    "type": "Youtube",
    "source_url": "https://youtube.com/watch?v=-H5nZC9GC3w",
    "title": "المخبر الاقتصادي+ | لماذا قتلت روسيا اتفاقية الحبوب؟ هل ترضخ أمريكا وأوروبا لشروط بوتين؟",
    "categories": [
        "Entertainment"
    ],
    "publish_date": "2023-07-25T00:00:00Z",
    "length": "00:17:01",
    "author": "AJ+ كبريت",
    "keywords": [
        "أوكرانيا",
        "اتفاقية الحبوب",
        "اقتصاد",
        "المخبر الاقتصادي",
        "المخبر الاقتصادي+",
        "حبوب",
        "حرب روسيا وأوكرانيا",
        "روسيا",
        "غذاء",
        "قمح",
        "الدحيح",
        "AJ+ عربي",
        "Eldahih السليط",
        "معنى و زيادة",
        "السليط الاخباري",
        "نيكولاس خوري",
        "احمد الغندور",
        "AJ+ الدحيح",
        "AJ+ كبريت",
        "UC-4Kn",
        "السليط الاخباري الموسم الرابع",
        "نيكولاس خوري السليط الاخباري",
        "برامج AJ+",
        "برنامج الدحيح الجديد",
        "الدحيح رمضان",
        "elda7ee7",
        "elda7ee7 aj+",
        "AJ+",
        "مع تميم",
        "تميم البرغوثي",
        "AJ+ مع تميم",
        "أشرف إبراهيم",
        "الجهبذ",
        "بشير نجار",
        "ليلى عبدو",
        "الوتر الحساس"
    ]
}