{
    "type": "Youtube",
    "source_url": "https://youtube.com/watch?v=OVSoH_hvcFs",
    "title": "المُخبر الاقتصادي+ | كيف تتسابق أمريكا واليابان على صناعة أقوى بطارية في العالم؟ هل تفعلها تويوتا؟",
    "categories": [
        "Entertainment"
    ],
    "publish_date": "2023-01-31T00:00:00Z",
    "length": "00:15:40",
    "author": "AJ+ كبريت",
    "keywords": [
        "إيلون ماسك",
        "السيارات الكهربائية",
        "بطاريات ليثيوم",
        "بطارية الحالة الصلبة",
        "تسلا",
        "تويوتا",
        "سيارة كهربائية",
        "شحن سريع",
        "هايبرد",
        "وقود",
        "الدحيح",
        "AJ+ عربي",
        "Eldahih السليط",
        "معنى و زيادة",
        "السليط الاخباري",
        "نيكولاس خوري",
        "احمد الغندور",
        "AJ+ الدحيح",
        "AJ+ كبريت",
        "UC-4Kn",
        "السليط الاخباري الموسم الرابع",
        "نيكولاس خوري السليط الاخباري",
        "برامج AJ+",
        "برنامج الدحيح الجديد",
        "الدحيح رمضان",
        "elda7ee7",
        "elda7ee7 aj+",
        "AJ+",
        "AJ+ مع تميم",
        "المخبر الاقتصادي",
        "أشرف إبراهيم",
        "اقتصاد",
        "الجهبذ",
        "بشير نجار",
        "ليلى عبدو"
    ]
}