{
    "type": "Youtube",
    "source_url": "https://youtube.com/watch?v=grPZN1zPoWs",
    "title": "المُخبر الاقتصادي+ | هل تطبع الأرجنتين صورة ميسي على العملة لتنقذ اقتصادها من الإفلاس؟",
    "categories": [
        "Entertainment"
    ],
    "publish_date": "2023-05-30T00:00:00Z",
    "length": "00:16:19",
    "author": "AJ+ كبريت",
    "keywords": [
        "ألبرتو فرنانديز",
        "اشرف ابراهيم",
        "الأرجنتين",
        "الارجنتين اقتصاد",
        "البيزو الارجنتيني",
        "الرئيس الارجنتيني وميسي",
        "المخبر الاقتصادي",
        "ديون الارجنتين",
        "صندوق النقد الدولي",
        "عملة بصورة ميسي",
        "كأس العالم فيفا قطر 2022",
        "مجلس الاحتياطي الفدرالي الأمريكي"
    ]
}