{
    "type": "Youtube",
    "source_url": "https://youtube.com/watch?v=yv-AZDO4f1Q",
    "title": "المُخبر الاقتصادي+| كيف أنقذت أقوى امرأة في روسيا  اقتصاد بلادها من الانهيار؟",
    "categories": [
        "Entertainment"
    ],
    "publish_date": "2022-04-26T00:00:00Z",
    "length": "00:17:07",
    "author": "AJ+ كبريت",
    "keywords": [
        "روسيا",
        "أوكرانيا",
        "أمريكا",
        "عقوبات",
        "إقتصاد",
        "حظر",
        "بضائع",
        "عملة",
        "تدهور",
        "الدحيح",
        "AJ+ عربي",
        "Eldahih السليط",
        "معنى و زيادة",
        "السليط الاخباري",
        "نيكولاس خوري",
        "احمد الغندور",
        "AJ+ الدحيح",
        "AJ+ كبريت",
        "UC-4Kn",
        "السليط الاخباري الموسم الرابع",
        "نيكولاس خوري السليط الاخباري",
        "برامج AJ+",
        "برنامج الدحيح الجديد",
        "الدحيح رمضان",
        "elda7ee7",
        "elda7ee7 aj+",
        "AJ+",
        "مع تميم",
        "تميم البرغوثي",
        "AJ+ مع تميم",
        "المخبر الاقتصادي",
        "أشرف إبراهيم",
        "اقتصاد",
        "الجهبذ",
        "بشير نجار"
    ]
}