{
    "type": "Youtube",
    "source_url": "https://youtube.com/watch?v=W4_Xzljq1dE",
    "title": "المُخبر الاقتصادي+ | ما الذي تخفيه عنك تطبيقات المراهنات؟ كيف تجعلك تخسر أموالك بهذه اللعبة؟",
    "categories": [
        "Entertainment"
    ],
    "publish_date": "2024-03-09T00:00:00Z",
    "length": "00:20:07",
    "author": "AJ+ كبريت",
    "keywords": [
        "اشرف ابراهيم",
        "الأموال",
        "الادمان",
        "الاعلانات",
        "التطبيقات",
        "الدولار",
        "القمار",
        "الكازينو",
        "المخبر الاقتصادي",
        "المراهنات",
        "الهواتف الذكية",
        "ايفون",
        "بطاقات الإئتمان",
        "سامسونغ",
        "كرة القدم",
        "الدحيح",
        "AJ+ عربي",
        "Eldahih السليط",
        "معنى و زيادة",
        "السليط الاخباري",
        "نيكولاس خوري",
        "احمد الغندور",
        "AJ+ الدحيح",
        "AJ+ كبريت",
        "UC-4Kn",
        "السليط الاخباري الموسم الرابع",
        "نيكولاس خوري السليط الاخباري",
        "برامج AJ+",
        "برنامج الدحيح الجديد",
        "الدحيح رمضان",
        "elda7ee7",
        "elda7ee7 aj+",
        "AJ+",
        "مع تميم",
        "تميم البرغوثي",
        "AJ+ مع تميم",
        "أشرف إبراهيم",
        "اقتصاد"
    ]
}