{
    "type": "Youtube",
    "source_url": "https://youtube.com/watch?v=2gWp1u8SNag",
    "title": "المُخبر الاقتصادي+ | لماذا تخفي أمريكا السلاح الذي ترسله لـ\"إسرائيل\"؟ هل تخاف من المقاومة؟",
    "categories": [
        "Entertainment"
    ],
    "publish_date": "2023-11-25T00:00:00Z",
    "length": "00:20:25",
    "author": "AJ+ كبريت",
    "keywords": [
        "AJ+",
        "AJ+ الدحيح",
        "AJ+ عربي",
        "AJ+ كبريت",
        "AJ+ مع تميم",
        "Eldahih السليط",
        "UC-4Kn",
        "elda7ee7",
        "elda7ee7 aj+",
        "أشرف إبراهيم",
        "احمد الغندور",
        "اقتصاد",
        "الجهبذ",
        "الدحيح",
        "الدحيح رمضان",
        "السليط الاخباري",
        "السليط الاخباري الموسم الرابع",
        "المخبر الاقتصادي",
        "الوتر الحساس",
        "برامج AJ+",
        "برنامج الدحيح الجديد",
        "بشير نجار",
        "تميم البرغوثي",
        "ليلى عبدو",
        "مع تميم",
        "معنى و زيادة",
        "نيكولاس خوري",
        "نيكولاس خوري السليط الاخباري",
        "أسلحة إسرائيل",
        "الأسلحة الأمريكية"
    ]
}