{
    "type": "Youtube",
    "source_url": "https://youtube.com/watch?v=rYHxSMuPZOE",
    "title": "المُخبر الاقتصادي+ | كيف يهدد اختفاء مياه نهر الراين اقتصاد ألمانيا؟ وما أهمية هذا النهر بالتحديد؟",
    "categories": [
        "Entertainment"
    ],
    "publish_date": "2022-08-23T00:00:00Z",
    "length": "00:13:08",
    "author": "AJ+ كبريت",
    "keywords": [
        "ألمانيا",
        "الشحن البحري",
        "بضائع",
        "تجارة",
        "جفاف",
        "نقل",
        "نهر الراين",
        "aj+ عربي",
        "aj+ بالعربي",
        "aj+ arabi",
        "اخبار اليوم",
        "برامج يوتيوب",
        "قصص عالمية",
        "قصص نجاح",
        "قصص واقعية مؤثرة",
        "قصص الشعوب",
        "فيديو تحفيزي",
        "فيديو مؤثر",
        "اخبار الساعة",
        "اخبار عاجلة",
        "UC-4Kn",
        "فحم",
        "طاقة",
        "مناخ"
    ]
}