{
    "type": "Youtube",
    "source_url": "https://youtube.com/watch?v=kvwwylqp1us",
    "title": "المُخبر الاقتصادي+ | كيف تهدد الديون ثروات دول كثيرة في العالم؟ كيف أشعلت أمريكا الأزمة؟",
    "categories": [
        "Entertainment"
    ],
    "publish_date": "2024-07-16T00:00:00Z",
    "length": "00:24:44",
    "author": "AJ+ كبريت",
    "keywords": [
        "أشرف ابراهيم",
        "أفريقيا",
        "أمريكا الجنوبية",
        "أوكرانيا",
        "الاتحاد الأوروبي",
        "الاستدانة",
        "البنك الدولي",
        "البيرو",
        "الدول النامية",
        "الدولار",
        "الديون",
        "العجز المالي",
        "الفقر",
        "الفوائد",
        "الفيدرالي الأمريكي",
        "القروض",
        "المخبر الاقتصادي",
        "الميزانية",
        "الولايات المتحدة الأمريكية",
        "بلجيكا",
        "روسيا",
        "رونالد ريغان",
        "صندوق النقد الدولي",
        "يوروكلير"
    ]
}