{
    "type": "Youtube",
    "source_url": "https://youtube.com/watch?v=C3uJrQvXFHQ",
    "title": "المُخبر الاقتصادي+ | لماذا يتسابق الشعب في فيتنام على شراء الذهب بسرعة؟ ممَّ يخاف؟",
    "categories": [
        "Entertainment"
    ],
    "publish_date": "2024-07-13T00:00:00Z",
    "length": "00:13:27",
    "author": "AJ+ كبريت",
    "keywords": [
        "أشرف ابراهيم",
        "الأسهم",
        "الأونصة",
        "البنك المركزي الفيتنامي",
        "البورصة",
        "البورصة الفيتنامية",
        "التايل",
        "التضخم",
        "الحكومة الفيتنامية",
        "الدولار",
        "الذهب",
        "العقارات",
        "المخبر الاقتصادي",
        "ترونج ماي لان",
        "تهريب الذهب",
        "سايغون",
        "سبائك الذهب",
        "سوق الذهب العالمي",
        "فيتنام",
        "هانوي",
        "الدحيح",
        "AJ+ عربي",
        "معنى و زيادة",
        "السليط الاخباري",
        "نيكولاس خوري",
        "احمد الغندور",
        "AJ+ الدحيح",
        "AJ+ كبريت",
        "UC-4Kn",
        "برامج AJ+",
        "elda7ee7",
        "AJ+",
        "مع تميم",
        "تميم البرغوثي",
        "AJ+ مع تميم",
        "أشرف إبراهيم",
        "اقتصاد",
        "الجهبذ",
        "بشير نجار",
        "ليلى عبدو",
        "الوتر الحساس"
    ]
}