{
    "type": "Youtube",
    "source_url": "https://youtube.com/watch?v=OAraME4Grdc",
    "title": "المُخبر الاقتصادي+ | لماذا يستطيع الأمريكيون شتم رئيسهم ولا يجرؤون على انتقاد \"إسرائيل\"؟",
    "categories": [
        "Entertainment"
    ],
    "publish_date": "2023-11-11T00:00:00Z",
    "length": "00:24:47",
    "author": "AJ+ كبريت",
    "keywords": [
        "أيباك",
        "اسرائيل",
        "اشرف ابراهيم",
        "الانتفاضة الفلسطينية الثانية",
        "المخبر الاقتصادي",
        "امريكا",
        "توماس فريدمان",
        "حرب 1948",
        "حماس",
        "ديفيد بن غوريون",
        "رؤساء المنظمات اليهودية الأمريكية الكبرى",
        "غزة",
        "فلسطين",
        "لجنة دقة التقارير والتحليلات الخاصة بالشرق الأوسط",
        "من يحكم أمريكا",
        "هاري ترومان"
    ]
}