{
    "type": "Youtube",
    "source_url": "https://youtube.com/watch?v=C-LOf6Q7a-g",
    "title": "المُخبر الاقتصادي+ | ما علاقة أمريكا بالطائرة التي ركبها رئيس إيران في رحلته الأخيرة؟",
    "categories": [
        "Entertainment"
    ],
    "publish_date": "2024-05-25T00:00:00Z",
    "length": "00:26:06",
    "author": "AJ+ كبريت",
    "keywords": [
        "أمريكا",
        "إبراهيم رئيسي",
        "إسرائيل",
        "إلهام علييف",
        "إيران",
        "اشرف ابراهيم",
        "الطيران الإيراني",
        "العقوبات الأمريكية على إيران",
        "المخبر الاقتصادي",
        "بيل كلينتون وإيران",
        "جو بايدن",
        "جيمي كارتر وإيران",
        "حسين أمير عبد اللهيان",
        "دونالد ترمب",
        "ريتشارد نيكسون",
        "شاه إيران",
        "طائرة الرئيس الإيراني",
        "هنري كسينجر"
    ]
}