{
    "type": "Youtube",
    "source_url": "https://youtube.com/watch?v=Nnx1rDRW2fY",
    "title": "المُخبر الاقتصادي+ | هل تتخلى أمريكا عن إسرائيل وتتركها وحدها؟ كيف هدد أنصار إسرائيل الرئيس بايدن؟",
    "categories": [
        "Entertainment"
    ],
    "publish_date": "2024-05-14T00:00:00Z",
    "length": "00:22:31",
    "author": "AJ+ كبريت",
    "keywords": [
        "المخبر الاقتصادي"
    ]
}