{
    "type": "Youtube",
    "source_url": "https://youtube.com/watch?v=2PUoINowtgE",
    "title": "المُخبر الاقتصادي+ | كيف تحدت الصين أمريكا وسرقت أسرار أخطر ماكينة في العالم من هولندا؟",
    "categories": [
        "Entertainment"
    ],
    "publish_date": "2023-02-25T00:00:00Z",
    "length": "00:18:18",
    "author": "AJ+ كبريت",
    "keywords": [
        "AJ+ الدحيح",
        "AJ+ كبريت",
        "AJ+ مع تميم",
        "Aj+",
        "Eldahih السليط",
        "UC-4Kn",
        "aJ+ عربي",
        "elda7ee7",
        "elda7ee7 aj+",
        "أشرف إبراهيم",
        "احمد الغندور",
        "اقتصاد",
        "الجهبذ",
        "الدحيح",
        "الدحيح رمضان",
        "السليط الاخباري",
        "السليط الاخباري الموسم الرابع",
        "المخبر الاقتصادي",
        "الوتر الحساس",
        "برامج AJ+",
        "برنامج الدحيح الجديد",
        "بشير نجار",
        "تميم البرغوثي",
        "ليلى عبدو",
        "مع تميم",
        "معنى و زيادة",
        "نيكولاس خوري",
        "نيكولاس خوري السليط الاخباري",
        "أشباه الموصلات",
        "صناعة الرقائق الإلكترونية",
        "سامسنوغ",
        "أشهر شركات التيكنولوجيا"
    ]
}