{
    "type": "Youtube",
    "source_url": "https://youtube.com/watch?v=PFOTUIOd6Qc",
    "title": "المُخبر الاقتصادي+ | كيف صنعت الصين تطبيقاً جديداً شقيقاً لتيكتوك ونشرته بين الشباب الأمريكي؟",
    "categories": [
        "Entertainment"
    ],
    "publish_date": "2023-04-11T00:00:00Z",
    "length": "00:13:15",
    "author": "AJ+ كبريت",
    "keywords": [
        "lemon8",
        "اشرف ابراهيم",
        "التطبيقات الصينية",
        "الشركات الصينية",
        "المخبر الاقتصادي",
        "تيك توك",
        "تيكتوك",
        "صناع محتوى التيكتوك",
        "الدحيح",
        "AJ+ عربي",
        "Eldahih السليط",
        "معنى و زيادة",
        "السليط الاخباري",
        "نيكولاس خوري",
        "احمد الغندور",
        "AJ+ الدحيح",
        "AJ+ كبريت",
        "UC-4Kn",
        "السليط الاخباري الموسم الرابع",
        "نيكولاس خوري السليط الاخباري",
        "برامج AJ+",
        "برنامج الدحيح الجديد",
        "الدحيح رمضان",
        "elda7ee7",
        "elda7ee7 aj+",
        "AJ+",
        "مع تميم",
        "تميم البرغوثي",
        "AJ+ مع تميم",
        "أشرف إبراهيم",
        "اقتصاد",
        "الجهبذ",
        "بشير نجار",
        "ليلى عبدو",
        "الوتر الحساس"
    ]
}