{
    "type": "Youtube",
    "source_url": "https://youtube.com/watch?v=y6JO9ve8Wgc",
    "title": "المُخبر الاقتصادي+ | كيف نهبت بريطانيا 64 تريليون دولار من الهند؟",
    "categories": [
        "Entertainment"
    ],
    "publish_date": "2022-09-20T00:00:00Z",
    "length": "00:23:10",
    "author": "AJ+ كبريت",
    "keywords": [
        "UK",
        "الاستعمار البريطاني",
        "الهند",
        "الهند وبريطانيا",
        "مستعمرات بريطانيا",
        "الدحيح",
        "AJ+ عربي",
        "Eldahih السليط",
        "معنى و زيادة",
        "السليط الاخباري",
        "نيكولاس خوري",
        "احمد الغندور",
        "AJ+ الدحيح",
        "AJ+ كبريت",
        "UC-4Kn",
        "السليط الاخباري الموسم الرابع",
        "نيكولاس خوري السليط الاخباري",
        "برامج AJ+",
        "برنامج الدحيح الجديد",
        "الدحيح رمضان",
        "elda7ee7",
        "elda7ee7 aj+",
        "AJ+",
        "مع تميم",
        "تميم البرغوثي",
        "AJ+ مع تميم",
        "المخبر الاقتصادي",
        "أشرف إبراهيم",
        "اقتصاد",
        "الجهبذ",
        "بشير نجار"
    ]
}