{
    "type": "Youtube",
    "source_url": "https://youtube.com/watch?v=B08a2Ph_Uvg",
    "title": "المُخبر الاقتصادي+ | هل يتخلى \"مشروع المغرب\" الهائل عن بريطانيا لصالح ألمانيا؟",
    "categories": [
        "Entertainment"
    ],
    "publish_date": "2024-03-23T00:00:00Z",
    "length": "00:14:57",
    "author": "AJ+ كبريت",
    "keywords": [
        "أشرف ابراهيم",
        "ألمانيا",
        "ألواح شمسية",
        "الحكومة البريطانية",
        "الحكومة المغربية",
        "الحكومة لاألمانية",
        "الطاقات المتجددة",
        "الطاقة الشمسية",
        "الطاقة النظيفة",
        "المخبر الاقتصادي",
        "المستشار الألماني",
        "المغرب",
        "النرويج",
        "بريطانيا",
        "حرب اوكرانيا",
        "روسيا",
        "ريتشي سوناك",
        "فرنسا",
        "نور ورزازات",
        "نورث سي لينك",
        "الدحيح",
        "AJ+ عربي",
        "معنى و زيادة",
        "السليط الاخباري",
        "نيكولاس خوري",
        "احمد الغندور",
        "AJ+ كبريت",
        "UC-4Kn",
        "برامج AJ+",
        "elda7ee7",
        "مع تميم",
        "تميم البرغوثي",
        "أشرف إبراهيم",
        "اقتصاد",
        "الجهبذ",
        "بشير نجار",
        "ليلى عبدو",
        "الوتر الحساس"
    ]
}