{
    "type": "Youtube",
    "source_url": "https://youtube.com/watch?v=qtMixwC_FwM",
    "title": "المُخبر الاقتصادي+ | أين اختفت شركة هواوي؟ وكيف خنقت أمريكا عملاق التكنولوجيا الصيني؟",
    "categories": [
        "Entertainment"
    ],
    "publish_date": "2022-08-16T00:00:00Z",
    "length": "00:17:31",
    "author": "AJ+ كبريت",
    "keywords": [
        "$ASML$",
        "$NVDA",
        "$QCOM",
        "$tsmc",
        "5G",
        "AMD",
        "آبل",
        "الصين",
        "امريكا",
        "تايوان",
        "حرب_تجارية",
        "رقائق",
        "سامسونغ",
        "معالجات_الكترونية",
        "هواتف_ذكية",
        "هواوي",
        "هونر",
        "الدحيح",
        "AJ+ عربي",
        "Eldahih السليط",
        "معنى و زيادة",
        "السليط الاخباري",
        "نيكولاس خوري",
        "احمد الغندور",
        "AJ+ الدحيح",
        "AJ+ كبريت",
        "UC-4Kn",
        "السليط الاخباري الموسم الرابع",
        "نيكولاس خوري السليط الاخباري",
        "برامج AJ+",
        "برنامج الدحيح الجديد",
        "الدحيح رمضان",
        "elda7ee7",
        "elda7ee7 aj+",
        "AJ+",
        "مع تميم",
        "تميم البرغوثي",
        "AJ+ مع تميم",
        "المخبر الاقتصادي",
        "أشرف إبراهيم",
        "اقتصاد",
        "الجهبذ",
        "بشير نجار"
    ]
}