{
    "type": "Youtube",
    "source_url": "https://youtube.com/watch?v=I_Vhd84yxJs",
    "title": "المُخبر الاقتصادي+ | كيف تخطط أمريكا لإعادة الصين إلى \"العصر الحجري\"؟ هل تصبح الصين دولة متخلفة؟",
    "categories": [
        "Entertainment"
    ],
    "publish_date": "2022-10-22T00:00:00Z",
    "length": "00:20:26",
    "author": "AJ+ كبريت",
    "keywords": [
        "AMD",
        "APPLE",
        "China",
        "NVDA",
        "QCOM",
        "SEC",
        "USA",
        "أمريكا",
        "اقتصاد",
        "الصين",
        "تايوان",
        "تكنولوجيا",
        "حرب تجارية",
        "رقائق الكترونية",
        "كوريا الجنوبية",
        "مال وأعمال",
        "مستقبل",
        "الدحيح",
        "AJ+ عربي",
        "Eldahih السليط",
        "معنى و زيادة",
        "السليط الاخباري",
        "نيكولاس خوري",
        "احمد الغندور",
        "AJ+ الدحيح",
        "AJ+ كبريت",
        "UC-4Kn",
        "السليط الاخباري الموسم الرابع",
        "نيكولاس خوري السليط الاخباري",
        "برامج AJ+",
        "الدحيح رمضان",
        "elda7ee7",
        "elda7ee7 aj+",
        "AJ+",
        "مع تميم",
        "تميم البرغوثي",
        "AJ+ مع تميم",
        "المخبر الاقتصادي",
        "أشرف إبراهيم",
        "الجهبذ",
        "بشير نجار"
    ]
}