{
    "type": "Youtube",
    "source_url": "https://youtube.com/watch?v=v5QmX29r2Ug",
    "title": "المُخبر الاقتصادي+ | لماذا تدعم أمريكا الإسرائيليين بالمال والسلاح؟",
    "categories": [
        "Entertainment"
    ],
    "publish_date": "2023-10-14T00:00:00Z",
    "length": "00:15:17",
    "author": "AJ+ كبريت",
    "keywords": [
        "اسرائيل",
        "اشرف ابراهيم",
        "الاحتلال الإسرائيلي",
        "الدولة اليهودية",
        "المخبر الاقتصادي",
        "المستوطنات الاسرائيلية",
        "بريطانيا في فلسطين",
        "حماس",
        "دايفيد بن غوريون",
        "طوفان الاقصى",
        "فرانكلين روزفلت",
        "فلسطين",
        "قطاع غزة",
        "مساعدات أمريكا لإسرائيل",
        "مساعدات جو بايدن لإسرائيل",
        "نتنياهو",
        "هاري ترومان",
        "الدحيح",
        "AJ+ عربي",
        "Eldahih السليط",
        "معنى و زيادة",
        "السليط الاخباري",
        "AJ+ كبريت",
        "UC-4Kn",
        "برامج AJ+",
        "الدحيح رمضان",
        "elda7ee7",
        "elda7ee7 aj+",
        "AJ+",
        "تميم البرغوثي",
        "AJ+ مع تميم",
        "أشرف إبراهيم",
        "اقتصاد"
    ]
}