{
    "type": "Youtube",
    "source_url": "https://youtube.com/watch?v=ILemxRxnKEs",
    "title": "المُخبر الاقتصادي+ | هل ستنخفض الأسعار في 2024؟ متى يمكن أن يحدث ذلك؟",
    "categories": [
        "Entertainment"
    ],
    "publish_date": "2024-02-20T00:00:00Z",
    "length": "00:27:17",
    "author": "AJ+ كبريت",
    "keywords": [
        "أسعار الغذاء",
        "أشرف إبراهيم",
        "ارتفاع الأسعار",
        "استثمار",
        "الأسواق الدولية",
        "الاستيراد",
        "البنك المركزي التركي",
        "التصدير",
        "التضخم",
        "الحساب الجاري",
        "الدولرة",
        "الرز التايلندي",
        "القدرة الشرائية",
        "القروض، احتياطي الصرف",
        "المُخبر الاقتصادي",
        "تركيا، الأرجنتين",
        "رأس المال",
        "سعر الصرف",
        "سلع استراتيجية",
        "غزة",
        "فول الصويا، الذرة الصفراء"
    ]
}