{
    "type": "Youtube",
    "source_url": "https://youtube.com/watch?v=Z6S26C47TAo",
    "title": "المُخبر الاقتصادي+ | هل خسر إيلون ماسك نصف ثروته بسبب لعنة تويتر؟ كيف ضاعت أموال تسلا؟",
    "categories": [
        "Entertainment"
    ],
    "publish_date": "2023-01-24T00:00:00Z",
    "length": "00:15:40",
    "author": "AJ+ كبريت",
    "keywords": [
        "إيلون ماسك",
        "تويتر",
        "تيسلا",
        "اقتصاد",
        "الدحيح",
        "AJ+ عربي",
        "Eldahih السليط",
        "معنى و زيادة",
        "السليط الاخباري",
        "نيكولاس خوري",
        "احمد الغندور",
        "AJ+ الدحيح",
        "AJ+ كبريت",
        "UC-4Kn",
        "السليط الاخباري الموسم الرابع",
        "نيكولاس خوري السليط الاخباري",
        "برامج AJ+",
        "برنامج الدحيح الجديد",
        "الدحيح رمضان",
        "elda7ee7",
        "elda7ee7 aj+",
        "AJ+",
        "مع تميم",
        "تميم البرغوثي",
        "AJ+ مع تميم",
        "المخبر الاقتصادي",
        "أشرف إبراهيم",
        "الجهبذ",
        "بشير نجار",
        "ليلى عبدو",
        "الوتر الحساس"
    ]
}