{
    "type": "Youtube",
    "source_url": "https://youtube.com/watch?v=4o9VghpVCIU",
    "title": "المُخبر الاقتصادي+ | كيف خططت أمريكا سراً لتعقيم سكان 13 دولة نامية والسيطرة على ثرواتهم؟",
    "categories": [
        "Entertainment"
    ],
    "publish_date": "2022-11-08T00:00:00Z",
    "length": "00:14:21",
    "author": "AJ+ كبريت",
    "keywords": [
        "NSSM200",
        "أمريكا",
        "إن إس إس إم 200",
        "البرازيل",
        "النمو السكاني في البرازيل",
        "تعقيم الرجال",
        "تعقيم السيدات",
        "جيرالد فورد",
        "طب",
        "قطع القناة المنوية",
        "مذكرة الأمن القومي 200",
        "منع الحمل",
        "هنري كيسينجر",
        "الدحيح",
        "AJ+ عربي",
        "Eldahih السليط",
        "معنى و زيادة",
        "السليط الاخباري",
        "نيكولاس خوري",
        "احمد الغندور",
        "AJ+ الدحيح",
        "AJ+ كبريت",
        "UC-4Kn",
        "السليط الاخباري الموسم الرابع",
        "نيكولاس خوري السليط الاخباري",
        "برامج AJ+",
        "برنامج الدحيح الجديد",
        "الدحيح رمضان",
        "elda7ee7",
        "elda7ee7 aj+",
        "AJ+",
        "تميم البرغوثي",
        "المخبر الاقتصادي"
    ]
}