{
    "type": "Youtube",
    "source_url": "https://youtube.com/watch?v=5syxQiCkJus",
    "title": "المُخبر الاقتصادي+ | كيف نهبت فرنسا مليارات الدولارات من دولة غنية وحولتها لدولة فقيرة؟",
    "categories": [
        "Entertainment"
    ],
    "publish_date": "2023-04-29T00:00:00Z",
    "length": "00:25:25",
    "author": "AJ+ كبريت",
    "keywords": [
        "الاقتصاد",
        "سرقة",
        "فرنسا",
        "ساركوزي",
        "ماكرون",
        "هايتي",
        "جماجم",
        "الجزائر",
        "حرب الاستقلال"
    ]
}