{
    "type": "Youtube",
    "source_url": "https://youtube.com/watch?v=3_0pZdUyUi8",
    "title": "المُخبر الاقتصادي+ | لماذا يعيش الإسرائيليون في خوف بالملاجئ؟ كيف تفشل القبة الحديدية بحمايتهم؟",
    "categories": [
        "Entertainment"
    ],
    "publish_date": "2023-11-04T00:00:00Z",
    "length": "00:19:13",
    "author": "AJ+ كبريت",
    "keywords": [
        "AJ+",
        "AJ+ الدحيح",
        "AJ+ عربي",
        "AJ+ كبريت",
        "AJ+ مع تميم",
        "Eldahih السليط",
        "UC-4Kn",
        "elda7ee7",
        "elda7ee7 aj+",
        "أشرف إبراهيم",
        "احمد الغندور",
        "اقتصاد",
        "الجهبذ",
        "الدحيح",
        "السليط الاخباري",
        "السليط الاخباري الموسم الرابع",
        "المخبر الاقتصادي",
        "الوتر الحساس",
        "برامج AJ+",
        "برنامج الدحيح الجديد",
        "بشير نجار",
        "تميم البرغوثي",
        "ليلى عبدو",
        "مع تميم",
        "معنى و زيادة",
        "نيكولاس خوري",
        "نيكولاس خوري السليط الاخباري",
        "طوفان الأقصى",
        "المقاومة الفلسطينية",
        "مقاطعة المنتجات الأمريكية",
        "غزة",
        "العدوان الإسرائيلي على غزة",
        "مخيم جباليا"
    ]
}