{
    "type": "Youtube",
    "source_url": "https://youtube.com/watch?v=jUIOqozAJcc",
    "title": "المُخبر الاقتصادي+ | كيف تحكم ثلاث شركات خاصة العالم؟ كيف يمكنهما تدمير أي دولة؟",
    "categories": [
        "Entertainment"
    ],
    "publish_date": "2023-06-06T00:00:00Z",
    "length": "00:15:34",
    "author": "AJ+ كبريت",
    "keywords": [
        "أمريكا",
        "اشرف ابراهيم",
        "الازمة المالية العالمية 2008",
        "المخبر الاقتصادي",
        "اليونان",
        "تصنيف ائتماني",
        "تصنيف موديز",
        "سريلانكا",
        "سقف الديون الأمريكية",
        "وزارة العدل الامريكية",
        "وكالات التصنيف الائتماني",
        "وكالة ستاندرد آند بورز",
        "وكالة فيتش للتصنيف الائتماني",
        "وكالة موديز"
    ]
}