{
    "type": "Youtube",
    "source_url": "https://youtube.com/watch?v=Ek4Q8rxZ7Gc",
    "title": "المُخبر الاقتصادي+ | كيف دمرت المقاومة الدبابة الإسرائيلية \"الخارقة\"؟ هل تعلمت \"إسرائيل\" من روسيا؟",
    "categories": [
        "Entertainment"
    ],
    "publish_date": "2023-11-28T00:00:00Z",
    "length": "00:18:22",
    "author": "AJ+ كبريت",
    "keywords": [
        "أبو عبيدة",
        "أشرف إبراهيم",
        "إسرائيل",
        "الجيش المصري",
        "الدبابات الإسرائيلية",
        "المخبر الاقتصادي",
        "المقاومة",
        "الميركافا",
        "حرب 1967",
        "حرب لبنان 1982",
        "حماس",
        "رافئيل",
        "طوفان الأقصى",
        "غزة",
        "فلسطين",
        "كتائب القسام",
        "مدرعة النمر",
        "نظام تروفي",
        "الدحيح",
        "AJ+ عربي",
        "Eldahih السليط",
        "السليط الاخباري",
        "نيكولاس خوري",
        "احمد الغندور",
        "AJ+ الدحيح",
        "AJ+ كبريت",
        "UC-4Kn",
        "نيكولاس خوري السليط الاخباري",
        "برامج AJ+",
        "elda7ee7",
        "elda7ee7 aj+",
        "AJ+",
        "مع تميم",
        "تميم البرغوثي",
        "AJ+ مع تميم",
        "اقتصاد",
        "الجهبذ",
        "بشير نجار",
        "ليلى عبدو",
        "الوتر الحساس"
    ]
}