{
    "type": "Youtube",
    "source_url": "https://youtube.com/watch?v=konjKrD1J2E",
    "title": "المُخبر الاقتصادي+ | هل يستطيع إيلون ماسك تحديد من سيفوز بمنصب رئيس أمريكا في الانتخابات القادمة؟",
    "categories": [
        "Entertainment"
    ],
    "publish_date": "2024-07-27T00:00:00Z",
    "length": "00:16:50",
    "author": "AJ+ كبريت",
    "keywords": [
        "إيلون ماسك",
        "اشرف ابراهيم",
        "اغتيال دونالد ترمب",
        "الانتخابات الأمريكية",
        "الحزب الجمهوري الأمريكي",
        "الحزب الديمقراطي الأمريكي",
        "الرئيس الأمريكي",
        "السيارات الكهربائية",
        "الكونغرس",
        "المخبر الاقتصادي",
        "ترامب",
        "تسلا",
        "تويتر",
        "جو بايدن",
        "روبرت مردوخ",
        "ستيفن منوشين",
        "كامالا هاريس",
        "هيلاري كلينتون",
        "الدحيح",
        "AJ+ عربي",
        "معنى و زيادة",
        "السليط الاخباري",
        "نيكولاس خوري",
        "احمد الغندور",
        "AJ+ كبريت",
        "UC-4Kn",
        "elda7ee7",
        "AJ+",
        "مع تميم",
        "تميم البرغوثي",
        "أشرف إبراهيم",
        "اقتصاد",
        "الجهبذ",
        "بشير نجار",
        "ليلى عبدو",
        "الوتر الحساس"
    ]
}