{
    "type": "Youtube",
    "source_url": "https://youtube.com/watch?v=7WybEQwlXwo",
    "title": "المُخبر الاقتصادي+ | كيف أصبح رئيس البنك الفدرالي أخطر رجل في العالم وأقوى من رئيس أمريكا؟",
    "categories": [
        "Entertainment"
    ],
    "publish_date": "2023-04-01T00:00:00Z",
    "length": "00:19:54",
    "author": "AJ+ كبريت",
    "keywords": [
        "الدحيح",
        "AJ+ عربي",
        "Eldahih",
        "السليط",
        "معنى و زيادة",
        "السليط الاخباري",
        "نيكولاس خوري",
        "احمد الغندور",
        "AJ+ كبريت",
        "UC-4Kn",
        "السليط الاخباري الموسم الرابع",
        "نيكولاس خوري السليط الاخباري",
        "برامج AJ+",
        "برنامج الدحيح الجديد",
        "الدحيح رمضان",
        "elda7ee7",
        "elda7ee7 aj+",
        "AJ+",
        "مع تميم",
        "تميم البرغوثي",
        "AJ+ مع تميم",
        "الاحتياطي الفدرالي",
        "جيروم باول",
        "مجلس المحافظين الفدرالي",
        "المخبر الاقتصادي",
        "اشرف ابراهيم",
        "جو بايدن",
        "وزارة الخزانة الأمريكية",
        "جانيت يلين",
        "وليام مارتن",
        "ليندون جونسون",
        "بنوك الاحتياطي الفدرالي"
    ]
}