{
    "type": "Youtube",
    "source_url": "https://youtube.com/watch?v=P9ZNSfe6gLU",
    "title": "المُخبر الاقتصادي+ | هل يحمي الذهب أموالك فعلاً من التضخم؟ من يحرك أسعار الذهب؟",
    "categories": [
        "Entertainment"
    ],
    "publish_date": "2023-05-06T00:00:00Z",
    "length": "00:17:06",
    "author": "AJ+ كبريت",
    "keywords": [
        "اسعار الذهب",
        "اشرف ابراهيم",
        "الذهب",
        "الذهب في تركيا",
        "الليرة التركية",
        "المخبر الاقتصادي",
        "تركيا",
        "سبائك الذهب",
        "سعر صرف الليرة التركية",
        "معايير الذهب",
        "الدحيح",
        "AJ+ عربي",
        "Eldahih السليط",
        "معنى و زيادة",
        "السليط الاخباري",
        "نيكولاس خوري",
        "احمد الغندور",
        "AJ+ الدحيح",
        "AJ+ كبريت",
        "UC-4Kn",
        "السليط الاخباري الموسم الرابع",
        "نيكولاس خوري السليط الاخباري",
        "برنامج الدحيح الجديد",
        "الدحيح رمضان",
        "AJ+",
        "مع تميم",
        "تميم البرغوثي",
        "AJ+ مع تميم",
        "أشرف إبراهيم",
        "اقتصاد",
        "الجهبذ",
        "بشير نجار",
        "ليلى عبدو",
        "الوتر الحساس"
    ]
}