{
    "type": "Youtube",
    "source_url": "https://youtube.com/watch?v=BSgfsKzC_x8",
    "title": "المُخبر الاقتصادي+ | كيف أسس \"طباخ بوتين\" أكبر وأقوى شركة عسكرية خاصة في العالم؟",
    "categories": [
        "Entertainment"
    ],
    "publish_date": "2023-06-27T00:00:00Z",
    "length": "00:22:16",
    "author": "AJ+ كبريت",
    "keywords": [
        "اشرف ابراهيم",
        "المخبر الاقتصادي",
        "رئيس فاغنر وبوتين",
        "سيرغي شويغو",
        "فاغنر انقلاب",
        "فاغنر تتمرد",
        "فاغنر تنسحب",
        "فاغنر وبوتين",
        "قوات فاغنر في روسيا",
        "وزارة الدفاع الروسية",
        "يفغيني بريغوجين",
        "يفغيني بريغوجين يهدد",
        "الدحيح",
        "AJ+ عربي",
        "Eldahih السليط",
        "معنى و زيادة",
        "السليط الاخباري",
        "نيكولاس خوري",
        "احمد الغندور",
        "AJ+ كبريت",
        "UC-4Kn",
        "نيكولاس خوري السليط الاخباري",
        "برامج AJ+",
        "elda7ee7",
        "AJ+",
        "مع تميم",
        "تميم البرغوثي",
        "AJ+ مع تميم",
        "أشرف إبراهيم",
        "اقتصاد",
        "الجهبذ",
        "بشير نجار",
        "ليلى عبدو",
        "الوتر الحساس"
    ]
}