{
    "type": "Youtube",
    "source_url": "https://youtube.com/watch?v=ojIHIn4TnSA",
    "title": "المُخبر الاقتصادي+ | كيف تحركت الجزائر ضد إسرائيل في أزمة حظر النفط؟",
    "categories": [
        "Entertainment"
    ],
    "publish_date": "2024-07-02T00:00:00Z",
    "length": "00:15:17",
    "author": "AJ+ كبريت",
    "keywords": [
        "إسرائيل",
        "اشرف ابراهيم",
        "الجزائر",
        "المخبر الاقتصادي",
        "النفط",
        "بلعيد عبد السلام",
        "حرب أكتوبر",
        "حظر النفط العربي",
        "هواري بومدين",
        "الدحيح",
        "AJ+ عربي",
        "Eldahih السليط",
        "معنى و زيادة",
        "السليط الاخباري",
        "نيكولاس خوري",
        "احمد الغندور",
        "AJ+ الدحيح",
        "AJ+ كبريت",
        "UC-4Kn",
        "السليط الاخباري الموسم الرابع",
        "نيكولاس خوري السليط الاخباري",
        "برامج AJ+",
        "برنامج الدحيح الجديد",
        "الدحيح رمضان",
        "elda7ee7",
        "elda7ee7 aj+",
        "AJ+",
        "مع تميم",
        "تميم البرغوثي",
        "AJ+ مع تميم",
        "أشرف إبراهيم",
        "اقتصاد",
        "الجهبذ",
        "بشير نجار",
        "ليلى عبدو",
        "الوتر الحساس"
    ]
}