{
    "type": "Youtube",
    "source_url": "https://youtube.com/watch?v=thzIRZZ0UFQ",
    "title": "المُخبر الاقتصادي+ | من سيخسر لو دخلت الصين قريباً في حرب مع أمريكا لضم تايوان بالقوة؟",
    "categories": [
        "Entertainment"
    ],
    "publish_date": "2024-06-18T00:00:00Z",
    "length": "00:21:02",
    "author": "AJ+ كبريت",
    "keywords": [
        "أشباه الموصلات",
        "أشرف ابراهيم",
        "الحزب الجمهوري",
        "الحزب الديمقراطي",
        "الرقائق الالكترونية",
        "الصين",
        "الكونغرس الأمريكي",
        "المخبر الاقتصادي",
        "الولايات المتحدة الأمريكية",
        "بلومبرج شي جين بينغ",
        "تايوان",
        "تي أس أم سي",
        "جو بايدن",
        "جورج بوش",
        "حرب تايوان",
        "مجلس الشيوخ الأمريكي",
        "مناورات عسكرية"
    ]
}