{
    "type": "Youtube",
    "source_url": "https://youtube.com/watch?v=UVwamGWfULI",
    "title": "المُخبر الاقتصادي+ | كيف بنى محمد الفايد ثروته؟ وكيف أنقذ الجنيه الإسترليني؟",
    "categories": [
        "Entertainment"
    ],
    "publish_date": "2023-09-09T00:00:00Z",
    "length": "00:23:16",
    "author": "AJ+ كبريت",
    "keywords": [
        "اشرف ابراهيم",
        "السعودية",
        "المخبر الاقتصادي",
        "الملك تشارلز الثالث",
        "جاك شيراك",
        "جمال عبد الناصر",
        "دودي الفايد والاميرة ديانا",
        "راشد بن سعيد آل مكتوم",
        "سلطان بروناي حسن البلقية",
        "عدنان خاشقجي",
        "عماد الدين الفايد",
        "فرنسوا ميتران",
        "مارغريت تاتشر",
        "محمد الفايد",
        "محمد الفايد والاميرة ديانا",
        "مصر",
        "وفاة الاميرة ديانا",
        "الدحيح",
        "AJ+ عربي",
        "السليط الاخباري",
        "احمد الغندور",
        "AJ+ الدحيح",
        "السليط الاخباري الموسم الرابع",
        "برامج AJ+",
        "برنامج الدحيح الجديد",
        "مع تميم",
        "AJ+ مع تميم",
        "أشرف إبراهيم",
        "اقتصاد"
    ]
}