{
    "type": "Youtube",
    "source_url": "https://youtube.com/watch?v=QzWE4Hd_m-o",
    "title": "المُخبر الاقتصادي+ | لماذا دخلت السعودية في حرب أسعار مع بريطانيا في سوق النفط؟",
    "categories": [
        "Entertainment"
    ],
    "publish_date": "2023-09-19T00:00:00Z",
    "length": "00:17:29",
    "author": "AJ+ كبريت",
    "keywords": [
        "أحمد زكي يماني",
        "أوبك",
        "اشرف ابراهيم",
        "السعودية تخفض انتاج النفط",
        "المخبر الاقتصادي",
        "النفط الإيراني",
        "بريطانيا والسعودية",
        "جورج بوش الأب",
        "حرب الاسعار",
        "حظر النفط 1973",
        "خام برنت",
        "رونالد ريجان السعودية",
        "فهد بن عبد العزيز النفط",
        "مارغريت تاتشر",
        "نفط النرويج",
        "الدحيح",
        "AJ+ عربي",
        "Eldahih السليط",
        "السليط الاخباري",
        "نيكولاس خوري",
        "احمد الغندور",
        "AJ+ كبريت",
        "UC-4Kn",
        "نيكولاس خوري السليط الاخباري",
        "برنامج الدحيح الجديد",
        "AJ+",
        "مع تميم",
        "أشرف إبراهيم",
        "اقتصاد",
        "الجهبذ",
        "بشير نجار",
        "ليلى عبدو",
        "الوتر الحساس"
    ]
}