{
    "type": "Youtube",
    "source_url": "https://youtube.com/watch?v=kE-pB4Fao24",
    "title": "المُخبر الاقتصادي+ | كيف تفهم تحركات أسعار الذهب في السوق؟",
    "categories": [
        "Entertainment"
    ],
    "publish_date": "2023-10-10T00:00:00Z",
    "length": "00:16:15",
    "author": "AJ+ كبريت",
    "keywords": [
        "ذهب",
        "أسعار",
        "سوق",
        "المخبر",
        "اقتصاد",
        "الدحيح",
        "AJ+ عربي",
        "Eldahih السليط",
        "معنى و زيادة",
        "السليط الاخباري",
        "نيكولاس خوري",
        "احمد الغندور",
        "AJ+ الدحيح",
        "AJ+ كبريت",
        "UC-4Kn",
        "السليط الاخباري الموسم الرابع",
        "نيكولاس خوري السليط الاخباري",
        "برامج AJ+",
        "برنامج الدحيح الجديد",
        "الدحيح رمضان",
        "elda7ee7",
        "elda7ee7 aj+",
        "AJ+",
        "مع تميم",
        "تميم البرغوثي",
        "AJ+ مع تميم",
        "المخبر الاقتصادي",
        "أشرف إبراهيم",
        "الجهبذ",
        "بشير نجار",
        "ليلى عبدو",
        "الوتر الحساس",
        "الولايات المتحدة",
        "أميركا"
    ]
}