{
    "type": "Youtube",
    "source_url": "https://youtube.com/watch?v=y40y2XkIzus",
    "title": "المُخبر الاقتصادي+ | كيف جعل صندوق النقد الدولي الصومال من أفقر دول العالم؟ كيف قتل الطبيب المريض؟",
    "categories": [
        "Entertainment"
    ],
    "publish_date": "2023-07-08T00:00:00Z",
    "length": "00:16:15",
    "author": "AJ+ كبريت",
    "keywords": [
        "أزمة الغذاء",
        "أوغادين",
        "اشرف ابراهيم",
        "الأزمة الروسية الأوكرانية",
        "البنك الدولي",
        "الثروة الحيوانية في الصومال",
        "الحرب الصومالية الاثيوبية",
        "الحكومة الصومالية",
        "الشلن الصومالي",
        "الصومال",
        "المخبر الاقتصادي",
        "جفاف الصومال",
        "سبب مجاعة الصومال",
        "صندوق النقد الدولي",
        "مجاعة الصومال",
        "محمد سياد بري",
        "AJ+ عربي",
        "Eldahih السليط",
        "السليط الاخباري",
        "نيكولاس خوري",
        "AJ+ كبريت",
        "UC-4Kn",
        "نيكولاس خوري السليط الاخباري",
        "AJ+",
        "مع تميم",
        "تميم البرغوثي",
        "أشرف إبراهيم",
        "اقتصاد",
        "الجهبذ",
        "بشير نجار",
        "ليلى عبدو",
        "الوتر الحساس"
    ]
}