{
    "type": "Youtube",
    "source_url": "https://youtube.com/watch?v=dbhTXDLiysk",
    "title": "المُخبر الاقتصادي+ | كيف أذلت أمريكا الأرجنتين حين رفضت تسديد ديونها؟ ولماذا هددتها بالأنسولين؟",
    "categories": [
        "Entertainment"
    ],
    "publish_date": "2022-05-10T00:00:00Z",
    "length": "00:14:03",
    "author": "AJ+ كبريت",
    "keywords": [
        "Mexico",
        "argentinadebt",
        "debt",
        "الدحيح",
        "AJ+ عربي",
        "Eldahih السليط",
        "معنى و زيادة",
        "السليط الاخباري",
        "نيكولاس خوري",
        "احمد الغندور",
        "AJ+ الدحيح",
        "AJ+ كبريت",
        "UC-4Kn",
        "السليط الاخباري الموسم الرابع",
        "نيكولاس خوري السليط الاخباري",
        "برامج AJ+",
        "برنامج الدحيح الجديد",
        "الدحيح رمضان",
        "elda7ee7",
        "elda7ee7 aj+",
        "AJ+",
        "مع تميم",
        "تميم البرغوثي",
        "AJ+ مع تميم",
        "المخبر الاقتصادي",
        "أشرف إبراهيم",
        "اقتصاد",
        "الجهبذ",
        "بشير نجار",
        "اقتصاد عالمي",
        "المكسيك",
        "الدين"
    ]
}