{
    "type": "Youtube",
    "source_url": "https://youtube.com/watch?v=Sp6UD0pQucY",
    "title": "المُخبر الاقتصادي+ | لماذا تخاف أمريكا وأوروبا من فرض عقوبات على أكبر شركة نووية في العالم؟",
    "categories": [
        "Entertainment"
    ],
    "publish_date": "2023-07-04T00:00:00Z",
    "length": "00:13:31",
    "author": "AJ+ كبريت",
    "keywords": [
        "أنجيلا ميركل",
        "أوكرانيا",
        "اشرف ابراهيم",
        "السفن الروسية",
        "الشحن الروسي",
        "الكعكة الصفراء النووية",
        "المخبر الاقتصادي",
        "تخصيب اليورانيوم",
        "روس آتوم",
        "روسيا",
        "روسيا نووي",
        "غزو روسيا لاوكرانيا",
        "فلاديمير بوتين",
        "فولوديمير زيلينسكي",
        "محطات الطاقة النووية",
        "محطة فوكوشيما النووية",
        "مفاعل نووي روسيا",
        "يورانيوم",
        "AJ+ عربي",
        "Eldahih السليط",
        "السليط الاخباري",
        "نيكولاس خوري",
        "احمد الغندور",
        "AJ+ كبريت",
        "UC-4Kn",
        "AJ+",
        "مع تميم",
        "تميم البرغوثي",
        "أشرف إبراهيم",
        "اقتصاد",
        "الجهبذ",
        "بشير نجار",
        "ليلى عبدو",
        "الوتر الحساس"
    ]
}