{
    "type": "Youtube",
    "source_url": "https://youtube.com/watch?v=yr2Y5qRuZK0",
    "title": "المُخبر الاقتصادي+ | أين اختفت شركة توشيبا اليابانية؟ لماذا يبيعها اليابانيون بسعر رخيص؟",
    "categories": [
        "Entertainment"
    ],
    "publish_date": "2023-08-19T00:00:00Z",
    "length": "00:16:20",
    "author": "AJ+ كبريت",
    "keywords": [
        "أزمة شركة توشيبا",
        "استحواذ توشيبا",
        "اشرف ابراهيم",
        "المخبر الاقتصادي",
        "اليابان",
        "توشيبا",
        "توشيبا اليابانية",
        "قصة شركة توشيبا",
        "الدحيح",
        "AJ+ عربي",
        "Eldahih السليط",
        "معنى و زيادة",
        "السليط الاخباري",
        "نيكولاس خوري",
        "احمد الغندور",
        "AJ+ الدحيح",
        "AJ+ كبريت",
        "UC-4Kn",
        "السليط الاخباري الموسم الرابع",
        "نيكولاس خوري السليط الاخباري",
        "برامج AJ+",
        "برنامج الدحيح الجديد",
        "الدحيح رمضان",
        "elda7ee7",
        "elda7ee7 aj+",
        "AJ+",
        "مع تميم",
        "تميم البرغوثي",
        "AJ+ مع تميم",
        "أشرف إبراهيم",
        "اقتصاد",
        "الجهبذ",
        "بشير نجار",
        "ليلى عبدو",
        "الوتر الحساس"
    ]
}