{
    "type": "Youtube",
    "source_url": "https://youtube.com/watch?v=isylWLsZJKc",
    "title": "المُخبر الاقتصادي+ | هل تستطيع أمريكا حرمان السعودية من الغذاء لخفض أسعار النفط؟",
    "categories": [
        "Entertainment"
    ],
    "publish_date": "2022-10-25T00:00:00Z",
    "length": "00:19:46",
    "author": "AJ+ كبريت",
    "keywords": [
        "نفط",
        "الدحيح",
        "AJ+ عربي",
        "Eldahih السليط",
        "معنى و زيادة",
        "السليط الاخباري",
        "نيكولاس خوري",
        "احمد الغندور",
        "AJ+ الدحيح",
        "AJ+ كبريت",
        "UC-4Kn",
        "السليط الاخباري الموسم الرابع",
        "نيكولاس خوري السليط الاخباري",
        "برامج AJ+",
        "برنامج الدحيح الجديد",
        "الدحيح رمضان",
        "elda7ee7",
        "elda7ee7 aj+",
        "AJ+",
        "مع تميم",
        "تميم البرغوثي",
        "AJ+ مع تميم",
        "المخبر الاقتصادي",
        "أشرف إبراهيم",
        "اقتصاد",
        "الجهبذ",
        "بشير نجار",
        "جو بايدن",
        "محمد بن سلمان",
        "السعودية",
        "أمريكا",
        "أوبك+",
        "أوبك",
        "بترول"
    ]
}