{
    "type": "Youtube",
    "source_url": "https://youtube.com/watch?v=xl0KGZRAS_U",
    "title": "المُخبر الاقتصادي+ | لماذا تبيع الصين كميات كبيرة من الدولار في السوق؟ هل ينهار اليوان؟",
    "categories": [
        "Entertainment"
    ],
    "publish_date": "2023-09-16T00:00:00Z",
    "length": "00:16:53",
    "author": "AJ+ كبريت",
    "keywords": [
        "أمريكا",
        "أوروبا",
        "اشرف ابراهيم",
        "البنك المركزي الصيني",
        "الحزب الشيوعي الصيني",
        "الدولار الأمريكي",
        "الصين",
        "المخبر الاقتصادي",
        "اليوان الصيني",
        "بنك الشعب الصيني",
        "شي جين بينغ",
        "قاعدة الذهب",
        "الدحيح",
        "AJ+ عربي",
        "Eldahih السليط",
        "معنى و زيادة",
        "السليط الاخباري",
        "نيكولاس خوري",
        "احمد الغندور",
        "AJ+ الدحيح",
        "AJ+ كبريت",
        "UC-4Kn",
        "برامج AJ+",
        "برنامج الدحيح الجديد",
        "الدحيح رمضان",
        "elda7ee7",
        "elda7ee7 aj+",
        "AJ+",
        "مع تميم",
        "تميم البرغوثي",
        "AJ+ مع تميم",
        "أشرف إبراهيم",
        "اقتصاد",
        "الجهبذ",
        "بشير نجار",
        "ليلى عبدو",
        "الوتر الحساس"
    ]
}