{
    "type": "Youtube",
    "source_url": "https://youtube.com/watch?v=uASJkIlsEVg",
    "title": "المُخبر الاقتصادي+ |هل يسحب أغنى صندوق في العالم أمواله من إسرائيل؟ لماذا تخاف النرويج من رد أمريكا؟",
    "categories": [
        "Entertainment"
    ],
    "publish_date": "2024-06-22T00:00:00Z",
    "length": "00:16:06",
    "author": "AJ+ كبريت",
    "keywords": [
        "النرويح",
        "إسرائيل",
        "الدحيح",
        "AJ+ عربي",
        "Eldahih السليط",
        "معنى و زيادة",
        "السليط الاخباري",
        "نيكولاس خوري",
        "احمد الغندور",
        "AJ+ الدحيح",
        "AJ+ كبريت",
        "UC-4Kn",
        "السليط الاخباري الموسم الرابع",
        "نيكولاس خوري السليط الاخباري",
        "برامج AJ+",
        "برنامج الدحيح الجديد",
        "الدحيح رمضان",
        "elda7ee7",
        "elda7ee7 aj+",
        "AJ+",
        "مع تميم",
        "تميم البرغوثي",
        "AJ+ مع تميم",
        "المخبر الاقتصادي",
        "أشرف إبراهيم",
        "اقتصاد",
        "الجهبذ",
        "بشير نجار",
        "ليلى عبدو",
        "الوتر الحساس"
    ]
}