{
    "type": "Youtube",
    "source_url": "https://youtube.com/watch?v=YutqGRhJIUo",
    "title": "المُخبر الاقتصادي + | كيف سرقت بريطانيا \"كوه نور\" أو أشهر ماسة في العالم ووضعتها في تاج الملكة؟",
    "categories": [
        "Entertainment"
    ],
    "publish_date": "2022-09-17T00:00:00Z",
    "length": "00:14:54",
    "author": "AJ+ كبريت",
    "keywords": [
        "الملكة",
        "الملكة إليزابيث",
        "المملكة المتحدة",
        "الهند",
        "بريطانيا",
        "تاج الملكة",
        "تشارلز الثالث",
        "جوهرة",
        "عرش الملكة",
        "كوه نور",
        "ماسة",
        "الدحيح",
        "AJ+ عربي",
        "Eldahih السليط",
        "معنى و زيادة",
        "السليط الاخباري",
        "نيكولاس خوري",
        "احمد الغندور",
        "AJ+ الدحيح",
        "AJ+ كبريت",
        "UC-4Kn",
        "السليط الاخباري الموسم الرابع",
        "نيكولاس خوري السليط الاخباري",
        "برامج AJ+",
        "برنامج الدحيح الجديد",
        "الدحيح رمضان",
        "elda7ee7",
        "elda7ee7 aj+",
        "AJ+",
        "مع تميم",
        "تميم البرغوثي",
        "AJ+ مع تميم",
        "المخبر الاقتصادي",
        "أشرف إبراهيم",
        "اقتصاد",
        "الجهبذ",
        "بشير نجار"
    ]
}