{
    "type": "Youtube",
    "source_url": "https://youtube.com/watch?v=Dgd68MssvNI",
    "title": "المُخبر الاقتصادي+ | لماذا قد تنتصر الصين وتكسر الحصار الأمريكي على هواوي قريباً؟",
    "categories": [
        "Entertainment"
    ],
    "publish_date": "2023-09-26T00:00:00Z",
    "length": "00:14:06",
    "author": "AJ+ كبريت",
    "keywords": [
        "Arm",
        "tsmc",
        "آيفون 15",
        "اشرف ابراهيم",
        "التجارب النووية",
        "الجيش السوفيتي",
        "الفيزياء النووية",
        "المخبر الاقتصادي",
        "بيل كلينتون",
        "جو بايدن",
        "شركة آبل",
        "ماو تسي تونج",
        "معالج هواوي",
        "نيكيتا خروتشوف",
        "هواوي",
        "هواوي الصين",
        "هواوي ميت 60 برو",
        "وحدات المعالجة المركزية",
        "وحدة معالجة الرسومات"
    ]
}