{
    "type": "Youtube",
    "source_url": "https://youtube.com/watch?v=i3TJbjyLQbI",
    "title": "المُخبر الاقتصادي+ | هل تحاول الصين تدمير الاقتصاد الإسرائيلي؟ لماذا تخاف إسرائيل؟",
    "categories": [
        "Entertainment"
    ],
    "publish_date": "2024-01-09T00:00:00Z",
    "length": "00:17:27",
    "author": "AJ+ كبريت",
    "keywords": [
        "أحمد الشقيري",
        "أعلان قيام دولة فلسطين",
        "اسرائيل",
        "الاقتصاد الإسرائيلي",
        "الجمعية العام للأمم المتحدة",
        "الشيوعيين الصينيين",
        "الصين واسرائيل",
        "المخبر الاقتصادي",
        "تقسيم فلسطين",
        "حماس",
        "شركة شنغهاي الدولية للموانئ",
        "شو ان لاي",
        "شي جين بينج",
        "طوفان الاقصى",
        "فلسطين",
        "ماو تسي تونغ",
        "مجلس الأمن",
        "مقاومة",
        "منظمة التحرير الفلسطينية",
        "ميناء حيفا",
        "ياسر عرفات",
        "AJ+ عربي",
        "Eldahih السليط",
        "السليط الاخباري",
        "نيكولاس خوري",
        "AJ+ كبريت",
        "UC-4Kn",
        "برامج AJ+",
        "AJ+",
        "تميم البرغوثي",
        "أشرف إبراهيم",
        "اقتصاد",
        "الجهبذ",
        "بشير نجار"
    ]
}