{
    "type": "Youtube",
    "source_url": "https://youtube.com/watch?v=doXKvssmlGQ",
    "title": "المُخبر الاقتصادي+ | كيف انقطعت الكهرباء فجأة عن 50 مليون شخص في أمريكا؟ لماذا ناموا في الشوارع؟",
    "categories": [
        "Entertainment"
    ],
    "publish_date": "2022-12-06T00:00:00Z",
    "length": "00:19:07",
    "author": "AJ+ كبريت",
    "keywords": [
        "أمريكا",
        "انقطاع الكهرباء في امريكا 2003",
        "انقطاع كهرباء 2003",
        "كندا",
        "الدحيح",
        "AJ+ عربي",
        "Eldahih السليط",
        "معنى و زيادة",
        "السليط الاخباري",
        "نيكولاس خوري",
        "احمد الغندور",
        "AJ+ الدحيح",
        "AJ+ كبريت",
        "UC-4Kn",
        "السليط الاخباري الموسم الرابع",
        "نيكولاس خوري السليط الاخباري",
        "برامج AJ+",
        "برنامج الدحيح الجديد",
        "الدحيح رمضان",
        "elda7ee7",
        "elda7ee7 aj+",
        "AJ+",
        "مع تميم",
        "تميم البرغوثي",
        "AJ+ مع تميم",
        "المخبر الاقتصادي",
        "أشرف إبراهيم",
        "اقتصاد",
        "الجهبذ",
        "بشير نجار",
        "ليلى عبدو",
        "الوتر الحساس"
    ]
}