{
    "type": "Youtube",
    "source_url": "https://youtube.com/watch?v=XJsd_1Vo_mk",
    "title": "المُخبر الاقتصادي+ | كيف أصبح مستقبل صناعة السيارات المغربية في أيدي الصين؟هل تصنع المغرب البطارية؟",
    "categories": [
        "Entertainment"
    ],
    "publish_date": "2023-06-13T00:00:00Z",
    "length": "00:17:23",
    "author": "AJ+ كبريت",
    "keywords": [
        "المغرب",
        "سيارات",
        "صناعة",
        "أوروبا",
        "تجارة",
        "الصين",
        "أفريقيا",
        "الدحيح",
        "AJ+ عربي",
        "Eldahih السليط",
        "معنى و زيادة",
        "السليط الاخباري",
        "نيكولاس خوري",
        "احمد الغندور",
        "AJ+ الدحيح",
        "AJ+ كبريت",
        "UC-4Kn",
        "السليط الاخباري الموسم الرابع",
        "نيكولاس خوري السليط الاخباري",
        "برامج AJ+",
        "برنامج الدحيح الجديد",
        "الدحيح رمضان",
        "elda7ee7",
        "elda7ee7 aj+",
        "AJ+",
        "مع تميم",
        "تميم البرغوثي",
        "AJ+ مع تميم",
        "المخبر الاقتصادي",
        "أشرف إبراهيم",
        "اقتصاد",
        "الجهبذ",
        "بشير نجار",
        "ليلى عبدو",
        "الوتر الحساس"
    ]
}