{
    "type": "Youtube",
    "source_url": "https://youtube.com/watch?v=Fd48_W3Eg4w",
    "title": "المُخبر الاقتصادي+ | كيف تتحكم أمريكا في قرارات صندوق النقد الدولي؟",
    "categories": [
        "Entertainment"
    ],
    "publish_date": "2023-09-23T00:00:00Z",
    "length": "00:16:47",
    "author": "AJ+ كبريت",
    "keywords": [
        "ألمانيا",
        "أمريكا",
        "إيران",
        "اشرف ابراهيم",
        "البنك الدولي",
        "الحرب الباردة",
        "الصين",
        "المخبر الاقتصادي",
        "المكسيك صندوق النقد",
        "بريتون وودز",
        "بريطانيا",
        "بنك التنمية الجديد",
        "جورج دبليو بوش",
        "رونالد ريغان",
        "صندوق النقد الأرجنتين",
        "صندوق النقد الدولي",
        "مجلس المحافظين",
        "وزارة الخزانة الأمريكية"
    ]
}