{
    "type": "Youtube",
    "source_url": "https://youtube.com/watch?v=y7QLNbPZB24",
    "title": "المُخبر الاقتصادي+ | كيف حاولت إسرائيل قتل محمد الضيف باستخدام واحدة من أقوى القنابل الأمريكية؟",
    "categories": [
        "Entertainment"
    ],
    "publish_date": "2024-07-20T00:00:00Z",
    "length": "00:20:08",
    "author": "AJ+ كبريت",
    "keywords": [
        "أسلحة إسرائيل",
        "أشرف إبراهيم",
        "إسرائيل",
        "اغتيال الضيف",
        "العراق",
        "القنبلة الغبية",
        "المخبر الاقتصادي",
        "المقاومة الفلسطينية",
        "المواصي خان يونس",
        "جو بايدن",
        "حرب فيتنام",
        "حرب كوسوفو",
        "حماس",
        "ذخائر الاحتلال",
        "رافع سلامة",
        "سوريا",
        "غزة",
        "فلسطين",
        "قنابل إسرائيل",
        "كتائب عز الدين القسام",
        "محمد الضيف",
        "نتنياهو"
    ]
}