{
    "type": "Youtube",
    "source_url": "https://youtube.com/watch?v=qNXS6GPkFEw",
    "title": "المُخبر الاقتصادي+ | هل يصبح الدينار عملة مشتركة لكل الدول العربية على غرار اليورو الأوروبي؟",
    "categories": [
        "Entertainment"
    ],
    "publish_date": "2023-05-13T00:00:00Z",
    "length": "00:13:13",
    "author": "AJ+ كبريت",
    "keywords": [
        "اشرف ابراهيم",
        "البنك المركزي الأوروبي",
        "البنك المركزي الفرنسي",
        "البنك المركزي اليوناني",
        "الدينار العربي الحسابي",
        "الدينار العربي الموحد",
        "المخبر الاقتصادي",
        "حقوق السحب الخاصة",
        "دول مجلس التعاون الخليجي",
        "صندوق النقد الدولي",
        "صندوق النقد العربي",
        "منطقة اليورو",
        "الدحيح",
        "AJ+ عربي",
        "Eldahih السليط",
        "معنى و زيادة",
        "السليط الاخباري",
        "نيكولاس خوري",
        "احمد الغندور",
        "AJ+ الدحيح",
        "AJ+ كبريت",
        "UC-4Kn",
        "السليط الاخباري الموسم الرابع",
        "نيكولاس خوري السليط الاخباري",
        "برامج AJ+",
        "الدحيح رمضان",
        "elda7ee7"
    ]
}