{
    "type": "Youtube",
    "source_url": "https://youtube.com/watch?v=NxVMuMlzk0o",
    "title": "المُخبر الاقتصادي+ | لماذا ترتفع أسعار الذهب بسرعة؟ لماذا يشتري الصينيون الذهب بجنون؟",
    "categories": [
        "Entertainment"
    ],
    "publish_date": "2024-04-09T00:00:00Z",
    "length": "00:14:17",
    "author": "AJ+ كبريت",
    "keywords": [
        "أسعار الذهب",
        "اشرف ابراهيم",
        "البنك المركزي الصيني",
        "البنوك السويسرية",
        "الثروة",
        "الحرب الروسية الأوكرانية",
        "الدولار",
        "الذهب",
        "الصين",
        "الصينين",
        "الفوائد",
        "المخبر الاقتصادي",
        "الولايات المتحدة الأمريكية",
        "اونصة",
        "روسيا",
        "سبيكة ذهب",
        "سويسرا",
        "مجلس الاحتياطي الفيدرالي"
    ]
}