{
    "type": "Youtube",
    "source_url": "https://youtube.com/watch?v=pKqlenPi3aA",
    "title": "المُخبر الاقتصادي+ | لماذا تهاجم أمريكا وإسرائيل تيكتوك الصيني؟",
    "categories": [
        "Entertainment"
    ],
    "publish_date": "2023-12-09T00:00:00Z",
    "length": "00:21:12",
    "author": "AJ+ كبريت",
    "keywords": [
        "إكس",
        "اسرائيل",
        "اشرف ابراهيم",
        "الجيش الاسرائيلي",
        "العدوان الاسرائيلي على غزة",
        "المخبر الاقتصادي",
        "المظاهرات الداعمة لإسرائيل",
        "الولايات المتحدة",
        "بايت دانس الصينية",
        "تويتر",
        "تيكتوك",
        "جانت يلن",
        "جوش هاولي",
        "حماس",
        "سي إن إن",
        "غزة",
        "فريد زكريا",
        "فلسطين"
    ]
}