{
    "type": "Youtube",
    "source_url": "https://youtube.com/watch?v=rWa8gNFZZsk",
    "title": "المُخبر الاقتصادي+ | كيف كشفت حرب روسيا الموقف الحقيقي للغرب تجاه نفط وغاز أفريقيا وشعوبها الفقيرة؟",
    "categories": [
        "Entertainment"
    ],
    "publish_date": "2022-12-03T00:00:00Z",
    "length": "00:19:45",
    "author": "AJ+ كبريت",
    "keywords": [
        "أفريقيا",
        "الدول الفقيرة",
        "بوتين",
        "جو بايدن",
        "حرب أوكرانيا",
        "روسيا",
        "طاقة",
        "غاز أفريقيا",
        "فلاديمير بوتين",
        "كهرباء",
        "نفط",
        "الدحيح",
        "AJ+ عربي",
        "Eldahih السليط",
        "معنى و زيادة",
        "السليط الاخباري",
        "نيكولاس خوري",
        "احمد الغندور",
        "AJ+ الدحيح",
        "AJ+ كبريت",
        "UC-4Kn",
        "السليط الاخباري الموسم الرابع",
        "نيكولاس خوري السليط الاخباري",
        "برامج AJ+",
        "برنامج الدحيح الجديد",
        "الدحيح رمضان",
        "elda7ee7",
        "elda7ee7 aj+",
        "AJ+",
        "مع تميم",
        "تميم البرغوثي",
        "AJ+ مع تميم",
        "المخبر الاقتصادي",
        "أشرف إبراهيم",
        "اقتصاد",
        "الجهبذ",
        "بشير نجار",
        "ليلى عبدو"
    ]
}