{
    "type": "Youtube",
    "source_url": "https://youtube.com/watch?v=CDz44_-3vME",
    "title": "المُخبر الاقتصادي + | لماذا قد ينقرض سكان كوريا الجنوبية قريباً؟ ولماذا يرفضون الزواج؟",
    "categories": [
        "Entertainment"
    ],
    "publish_date": "2022-10-08T00:00:00Z",
    "length": "00:14:08",
    "author": "AJ+ كبريت",
    "keywords": [
        "أطفال",
        "أولاد",
        "إنجاب",
        "المرأة",
        "خصوبة",
        "زواج",
        "عائلة",
        "نساء"
    ]
}