{
    "type": "Youtube",
    "source_url": "https://youtube.com/watch?v=Cpvtj3aGnYM",
    "title": "المُخبر الاقتصادي+ | لماذا دمرت \"إسرائيل\" مطار غزة الدولي؟",
    "categories": [
        "Entertainment"
    ],
    "publish_date": "2023-11-18T00:00:00Z",
    "length": "00:13:33",
    "author": "AJ+ كبريت",
    "keywords": [
        "فلسطين",
        "مطار غزة",
        "ياسر عرفات",
        "بيل كيلنتون",
        "أمريكا",
        "الولايات المتحدة",
        "إسرائيل",
        "فرنسا",
        "الدحيح",
        "AJ+ عربي",
        "Eldahih السليط",
        "معنى و زيادة",
        "السليط الاخباري",
        "نيكولاس خوري",
        "احمد الغندور",
        "AJ+ الدحيح",
        "AJ+ كبريت",
        "UC-4Kn",
        "السليط الاخباري الموسم الرابع",
        "نيكولاس خوري السليط الاخباري",
        "برامج AJ+",
        "برنامج الدحيح الجديد",
        "الدحيح رمضان",
        "elda7ee7",
        "elda7ee7 aj+",
        "AJ+",
        "مع تميم",
        "تميم البرغوثي",
        "AJ+ مع تميم",
        "المخبر الاقتصادي",
        "أشرف إبراهيم",
        "اقتصاد",
        "الجهبذ",
        "بشير نجار",
        "ليلى عبدو",
        "الوتر الحساس"
    ]
}