{
    "type": "Youtube",
    "source_url": "https://youtube.com/watch?v=hh48Gw_bupQ",
    "title": "المُخبر الاقتصادي+ | كيف يضرب الحوثيون في اليمن أضعف نقطة في اقتصاد إسرائيل؟",
    "categories": [
        "Entertainment"
    ],
    "publish_date": "2023-12-16T00:00:00Z",
    "length": "00:15:40",
    "author": "AJ+ كبريت",
    "keywords": [
        "أولاف شولتس",
        "إيفرغرين",
        "اشرف ابراهيم",
        "الحوثي",
        "السفن الاسرائيلية",
        "المخبر الاقتصادي",
        "اليمن",
        "باب المندب",
        "حصار اسرائيل",
        "غالاكسي ليدر",
        "غزة",
        "كتائب القسام",
        "ميناء أشدود",
        "ميناء إيلات",
        "ميناء حيفا",
        "ميناء عسقلان",
        "يحيى سريع",
        "الدحيح",
        "AJ+ عربي",
        "Eldahih السليط",
        "معنى و زيادة",
        "السليط الاخباري",
        "نيكولاس خوري",
        "احمد الغندور",
        "AJ+ كبريت",
        "UC-4Kn",
        "نيكولاس خوري السليط الاخباري",
        "برامج AJ+",
        "AJ+",
        "مع تميم",
        "تميم البرغوثي",
        "AJ+ مع تميم",
        "أشرف إبراهيم",
        "اقتصاد",
        "الجهبذ",
        "بشير نجار",
        "ليلى عبدو",
        "الوتر الحساس"
    ]
}