{
    "type": "Youtube",
    "source_url": "https://youtube.com/watch?v=BhC-VqTLAuY",
    "title": "المُخبر الاقتصادي+ |  كيف يمكنك الحصول على شيك بآلاف الدولارات سنوياً لو عشت في هذا المكان؟",
    "categories": [
        "Entertainment"
    ],
    "publish_date": "2024-04-02T00:00:00Z",
    "length": "00:14:43",
    "author": "AJ+ كبريت",
    "keywords": [
        "أشرف ابراهيم",
        "ألاسكا",
        "ألاسكا ترانس",
        "الأرباح",
        "الدول العربية",
        "الدولار الغاز",
        "السلمون",
        "الصكوك",
        "الكثافة السكانية جاي هاموند",
        "الكويت",
        "المخبر الاقتصادي",
        "الولايات المتحدة الأمريكية",
        "حقول النفط",
        "خام البترول",
        "صندوق الاسكا الدائم",
        "هيلاري كلينتون",
        "الدحيح",
        "AJ+ عربي",
        "Eldahih السليط",
        "معنى و زيادة",
        "السليط الاخباري",
        "نيكولاس خوري",
        "احمد الغندور",
        "AJ+ الدحيح",
        "AJ+ كبريت",
        "UC-4Kn",
        "برامج AJ+",
        "AJ+",
        "مع تميم",
        "تميم البرغوثي",
        "AJ+ مع تميم",
        "أشرف إبراهيم",
        "اقتصاد",
        "الجهبذ",
        "بشير نجار",
        "ليلى عبدو",
        "الوتر الحساس"
    ]
}