{
    "type": "Youtube",
    "source_url": "https://youtube.com/watch?v=0PYVRVinPks",
    "title": "لماذا يخسر أمواله كل من يراهن ضد بنك اليابان؟ وكيف أصبح صانع الأرامل؟",
    "categories": [
        "Entertainment"
    ],
    "publish_date": "2022-07-19T00:00:00Z",
    "length": "00:16:30",
    "author": "AJ+ كبريت",
    "keywords": [
        "اليابان",
        "الدحيح",
        "AJ+ عربي",
        "Eldahih السليط",
        "معنى و زيادة",
        "السليط الاخباري",
        "نيكولاس خوري",
        "احمد الغندور",
        "AJ+ الدحيح",
        "AJ+ كبريت",
        "UC-4Kn",
        "السليط الاخباري الموسم الرابع",
        "نيكولاس خوري السليط الاخباري",
        "برامج AJ+",
        "برنامج الدحيح الجديد",
        "الدحيح رمضان",
        "elda7ee7",
        "elda7ee7 aj+",
        "AJ+",
        "مع تميم",
        "تميم البرغوثي",
        "AJ+ مع تميم",
        "المخبر الاقتصادي",
        "أشرف إبراهيم",
        "اقتصاد",
        "الجهبذ",
        "بشير نجار"
    ]
}